,0,1,2,3,4
0,6.0,111.11111111111111,1.7222222222222223,0.7777777777777777,18.809038162231445
1,7.0,44.44444444444444,1.8333333333333333,1.0888888888888888,6.103434085845947
2,7.0,155.55555555555554,1.8333333333333333,0.8555555555555555,16.449716567993164
3,8.0,177.77777777777777,1.9444444444444444,1.4,31.648000717163086
4,8.0,177.77777777777777,2.388888888888889,0.9333333333333333,24.268789291381836
5,9.0,177.77777777777777,2.1666666666666665,0.7777777777777777,12.943018913269043
6,10.0,155.55555555555554,2.1666666666666665,1.011111111111111,18.964460372924805
7,11.0,0.0,2.0555555555555554,0.8555555555555555,1.7650554180145264
8,11.0,155.55555555555554,1.6111111111111112,1.2444444444444445,20.347492218017578
9,11.0,155.55555555555554,2.5,1.3222222222222222,23.747560501098633
10,6.0,177.77777777777777,1.5,1.4,25.407594680786133
11,11.0,133.33333333333331,2.5,1.4,11.846598625183105
12,6.0,200.0,2.5,1.4,36.11544418334961
13,11.0,200.0,1.5,0.9333333333333333,25.507095336914062
14,6.0,200.0,2.5,0.7,20.201114654541016
15,6.0,200.0,1.5,1.4,22.132225036621094
16,6.0,88.88888888888889,1.7222222222222223,0.7777777777777777,12.024519920349121
17,12.0,66.66666666666666,2.5,1.4,11.802032470703125
18,6.0,22.22222222222222,2.5,1.4,3.6557295322418213
19,12.0,111.11111111111111,2.5,1.4,14.919224739074707
20,12.0,200.0,2.5,1.4,21.60816764831543
21,6.0,66.66666666666666,1.5,0.7,9.814324378967285
22,12.0,177.77777777777777,1.5,1.4,18.710227966308594
23,12.0,88.88888888888889,2.5,1.4,11.701470375061035
24,6.0,133.33333333333331,1.5,0.7,20.63754653930664
25,12.0,200.0,2.5,0.7,23.502382278442383
26,6.0,177.77777777777777,2.5,1.4,27.083297729492188
27,12.0,22.22222222222222,1.5,0.7,3.3695855140686035
28,6.0,200.0,2.388888888888889,1.4,31.407711029052734
29,7.0,200.0,2.5,1.4,32.16946792602539
30,6.0,155.55555555555554,2.5,1.4,19.137481689453125
31,8.0,200.0,2.5,1.4,21.901758193969727
32,6.0,200.0,1.5,0.7,19.81606674194336
33,12.0,111.11111111111111,1.5,0.7,15.89547348022461
34,12.0,133.33333333333331,1.5,0.7,22.110380172729492
35,6.0,111.11111111111111,1.5,1.4,14.617480278015137
36,6.0,177.77777777777777,2.388888888888889,1.4,22.9542236328125
37,12.0,200.0,1.5,1.4,35.04880142211914
38,12.0,200.0,1.6111111111111112,1.4,29.065092086791992
39,12.0,200.0,2.388888888888889,1.4,25.165102005004883
40,6.0,200.0,1.6111111111111112,1.4,25.457746505737305
41,6.0,133.33333333333331,1.5,1.4,17.65802764892578
42,6.0,177.77777777777777,1.5,0.7,24.119787216186523
43,12.0,44.44444444444444,2.5,0.7,6.114800453186035
44,12.0,155.55555555555554,2.5,0.7,12.812422752380371
45,12.0,200.0,1.5,0.7,26.007389068603516
46,11.0,200.0,1.5,1.4,22.355438232421875
47,12.0,177.77777777777777,2.5,1.4,20.51694107055664
48,6.0,0.0,1.5,1.4,1.3560692071914673
49,6.0,133.33333333333331,2.5,0.7,14.313048362731934
50,7.0,111.11111111111111,1.7222222222222223,1.3222222222222222,9.369026184082031
51,7.0,133.33333333333331,2.0555555555555554,0.7777777777777777,19.035987854003906
52,7.0,133.33333333333331,2.388888888888889,1.1666666666666665,17.791053771972656
53,8.0,66.66666666666666,1.5,1.0888888888888888,9.86500358581543
54,10.0,22.22222222222222,2.5,1.2444444444444445,5.289369106292725
55,10.0,66.66666666666666,2.388888888888889,1.3222222222222222,7.927781581878662
56,10.0,200.0,1.9444444444444444,1.0888888888888888,30.56247901916504
57,11.0,66.66666666666666,2.388888888888889,1.4,7.954864025115967
58,12.0,22.22222222222222,2.388888888888889,1.4,4.5679168701171875
59,12.0,66.66666666666666,1.9444444444444444,1.1666666666666665,8.99165153503418
60,6.0,200.0,2.5,0.7,20.201114654541016
61,12.0,200.0,1.5,1.4,35.04880142211914
62,12.0,177.77777777777777,1.5,1.4,18.710227966308594
63,10.0,155.55555555555554,1.5,0.7,16.66204071044922
64,12.0,200.0,2.5,1.4,21.60816764831543
65,10.0,200.0,1.5,0.7,19.337772369384766
66,6.0,0.0,1.5,0.7,1.252167820930481
67,6.0,88.88888888888889,1.5,0.7,13.715096473693848
68,6.0,44.44444444444444,1.5,0.7,8.140519142150879
69,6.0,177.77777777777777,2.5,0.7,24.23771858215332
70,12.0,133.33333333333331,1.5,1.4,20.038936614990234
71,12.0,88.88888888888889,2.5,1.4,11.701470375061035
72,6.0,155.55555555555554,2.5,1.4,19.137481689453125
73,6.0,177.77777777777777,1.5,1.4,25.407594680786133
74,6.0,200.0,1.5,1.4,22.132225036621094
75,12.0,200.0,1.5,0.7,26.007389068603516
76,12.0,44.44444444444444,2.5,1.4,8.329623222351074
77,12.0,111.11111111111111,2.5,0.7,17.975706100463867
78,12.0,177.77777777777777,2.5,0.7,27.473690032958984
79,6.0,177.77777777777777,2.5,1.4,27.083297729492188
80,12.0,155.55555555555554,2.5,1.4,19.26740074157715
81,6.0,177.77777777777777,1.5,0.7,24.119787216186523
82,12.0,200.0,2.5,1.3222222222222222,30.74593162536621
83,12.0,200.0,1.6111111111111112,1.4,29.065092086791992
84,12.0,200.0,2.5,0.7,23.502382278442383
85,12.0,133.33333333333331,2.5,0.7,16.415475845336914
86,12.0,177.77777777777777,2.388888888888889,0.7,24.194719314575195
87,12.0,200.0,1.5,1.3222222222222222,30.365739822387695
88,12.0,0.0,2.5,1.4,1.8955457210540771
89,12.0,200.0,1.7222222222222223,1.4,35.27912139892578
90,11.0,200.0,1.5,1.4,22.355438232421875
91,12.0,177.77777777777777,2.5,1.4,20.51694107055664
92,12.0,200.0,2.388888888888889,1.4,25.165102005004883
93,6.0,155.55555555555554,1.5,0.7,17.226388931274414
94,6.0,177.77777777777777,2.388888888888889,0.7,15.535664558410645
95,6.0,200.0,2.5,1.4,36.11544418334961
96,6.0,200.0,2.388888888888889,1.4,31.407711029052734
97,6.0,200.0,1.6111111111111112,1.4,25.457746505737305
98,7.0,200.0,2.5,1.4,32.16946792602539
99,8.0,200.0,2.5,1.4,21.901758193969727
100,7.0,22.22222222222222,1.5,1.011111111111111,3.9710333347320557
101,7.0,66.66666666666666,2.5,1.011111111111111,8.830639839172363
102,7.0,155.55555555555554,2.5,1.2444444444444445,16.489788055419922
103,7.0,200.0,1.9444444444444444,1.2444444444444445,27.89319610595703
104,8.0,88.88888888888889,2.5,1.2444444444444445,12.93991756439209
105,8.0,133.33333333333331,1.7222222222222223,0.7777777777777777,15.332623481750488
106,9.0,88.88888888888889,2.1666666666666665,0.7,12.471665382385254
107,10.0,66.66666666666666,2.1666666666666665,1.0888888888888888,11.041221618652344
108,11.0,44.44444444444444,1.6111111111111112,1.0888888888888888,7.519346714019775
109,12.0,22.22222222222222,1.9444444444444444,0.7777777777777777,3.996263265609741
110,12.0,200.0,2.5,0.7,23.502382278442383
111,6.0,200.0,1.5,0.7,19.81606674194336
112,9.0,177.77777777777777,2.5,1.4,19.46157455444336
113,6.0,111.11111111111111,2.0555555555555554,1.4,15.14564037322998
114,6.0,0.0,2.5,1.4,1.1972664594650269
115,12.0,200.0,1.5,1.4,35.04880142211914
116,12.0,200.0,2.5,1.4,21.60816764831543
117,12.0,200.0,1.5,0.7,26.007389068603516
118,12.0,155.55555555555554,1.5,0.7,24.353260040283203
119,12.0,111.11111111111111,1.5,0.7,15.89547348022461
120,12.0,177.77777777777777,1.5,0.7,23.724138259887695
121,6.0,177.77777777777777,1.5,0.7,24.119787216186523
122,12.0,200.0,1.5,1.3222222222222222,30.365739822387695
123,11.0,200.0,1.5,1.4,22.355438232421875
124,12.0,133.33333333333331,2.5,1.4,22.242326736450195
125,12.0,155.55555555555554,2.5,1.4,19.26740074157715
126,6.0,200.0,2.5,1.4,36.11544418334961
127,6.0,200.0,2.388888888888889,1.4,31.407711029052734
128,6.0,200.0,2.5,1.3222222222222222,22.593547821044922
129,6.0,200.0,1.5,1.4,22.132225036621094
130,6.0,177.77777777777777,2.5,0.7,24.23771858215332
131,12.0,177.77777777777777,2.5,0.7,27.473690032958984
132,12.0,177.77777777777777,1.5,1.4,18.710227966308594
133,6.0,155.55555555555554,1.5,0.7,17.226388931274414
134,6.0,133.33333333333331,2.5,1.4,15.44407844543457
135,6.0,44.44444444444444,2.5,0.7,7.032750606536865
136,12.0,133.33333333333331,1.5,0.7,22.110380172729492
137,12.0,0.0,1.5,0.7,1.889445185661316
138,6.0,177.77777777777777,1.5,1.4,25.407594680786133
139,6.0,200.0,2.5,0.7,20.201114654541016
140,12.0,200.0,2.388888888888889,1.4,25.165102005004883
141,12.0,111.11111111111111,2.5,1.4,14.919224739074707
142,12.0,88.88888888888889,1.5,1.4,10.765218734741211
143,6.0,177.77777777777777,2.5,1.4,27.083297729492188
144,12.0,155.55555555555554,2.5,0.7,12.812422752380371
145,6.0,177.77777777777777,1.6111111111111112,0.7,16.44093894958496
146,12.0,177.77777777777777,2.5,1.4,20.51694107055664
147,12.0,200.0,2.388888888888889,0.7,21.863399505615234
148,6.0,111.11111111111111,2.5,0.7,17.803661346435547
149,12.0,133.33333333333331,1.5,1.4,20.038936614990234
150,6.0,0.0,1.9444444444444444,0.7777777777777777,1.5254172086715698
151,6.0,22.22222222222222,1.6111111111111112,0.7777777777777777,3.2792530059814453
152,6.0,200.0,2.5,1.2444444444444445,21.530733108520508
153,7.0,0.0,2.388888888888889,1.2444444444444445,1.2331076860427856
154,7.0,66.66666666666666,1.6111111111111112,1.0888888888888888,8.061575889587402
155,7.0,200.0,2.5,0.9333333333333333,32.82835006713867
156,9.0,200.0,2.0555555555555554,1.3222222222222222,23.570207595825195
157,10.0,133.33333333333331,1.6111111111111112,0.9333333333333333,16.81547737121582
158,12.0,0.0,2.5,1.1666666666666665,1.5486971139907837
159,12.0,111.11111111111111,1.5,0.7777777777777777,20.545072555541992
160,8.0,177.77777777777777,2.5,0.7,20.884397506713867
161,9.0,155.55555555555554,2.2777777777777777,0.7777777777777777,25.222421646118164
162,12.0,88.88888888888889,1.5,0.7,15.401411056518555
163,12.0,44.44444444444444,2.5,1.4,8.329623222351074
164,12.0,200.0,2.5,0.7,23.502382278442383
165,6.0,111.11111111111111,2.5,1.4,16.867366790771484
166,6.0,155.55555555555554,1.5,1.4,14.883927345275879
167,12.0,155.55555555555554,2.5,0.7,12.812422752380371
168,12.0,177.77777777777777,1.5,1.4,18.710227966308594
169,6.0,200.0,1.5,0.7,19.81606674194336
170,6.0,88.88888888888889,2.5,1.4,14.07964038848877
171,12.0,200.0,1.5,1.4,35.04880142211914
172,12.0,200.0,1.5,1.3222222222222222,30.365739822387695
173,12.0,200.0,2.5,1.4,21.60816764831543
174,6.0,133.33333333333331,2.5,1.4,15.44407844543457
175,6.0,177.77777777777777,1.5,1.4,25.407594680786133
176,12.0,200.0,1.5,0.7,26.007389068603516
177,6.0,44.44444444444444,1.5,0.7,8.140519142150879
178,6.0,177.77777777777777,2.5,1.4,27.083297729492188
179,6.0,177.77777777777777,1.5,0.7,24.119787216186523
180,12.0,111.11111111111111,2.5,1.4,14.919224739074707
181,12.0,66.66666666666666,2.5,0.7,8.521974563598633
182,12.0,200.0,1.5,0.7777777777777777,27.049686431884766
183,12.0,133.33333333333331,2.5,1.4,22.242326736450195
184,12.0,177.77777777777777,2.5,0.7,27.473690032958984
185,6.0,200.0,1.5,1.4,22.132225036621094
186,12.0,177.77777777777777,2.5,1.4,20.51694107055664
187,12.0,22.22222222222222,2.5,1.4,4.710689544677734
188,12.0,200.0,2.5,1.3222222222222222,30.74593162536621
189,12.0,200.0,1.6111111111111112,1.4,29.065092086791992
190,6.0,177.77777777777777,2.5,0.7,24.23771858215332
191,6.0,111.11111111111111,1.5,0.7,12.27811336517334
192,12.0,200.0,2.5,0.7777777777777777,30.13197135925293
193,12.0,200.0,1.6111111111111112,0.7,24.356670379638672
194,12.0,133.33333333333331,1.5,0.7,22.110380172729492
195,6.0,155.55555555555554,2.5,0.7,16.752256393432617
196,12.0,200.0,2.388888888888889,1.4,25.165102005004883
197,12.0,155.55555555555554,1.5,1.4,16.040050506591797
198,12.0,88.88888888888889,2.5,1.4,11.701470375061035
199,12.0,177.77777777777777,1.5,0.7,23.724138259887695
200,6.0,155.55555555555554,2.1666666666666665,1.2444444444444445,25.873123168945312
201,6.0,177.77777777777777,1.9444444444444444,0.7777777777777777,20.710126876831055
202,6.0,200.0,1.9444444444444444,1.011111111111111,20.304166793823242
203,6.0,200.0,2.0555555555555554,1.011111111111111,24.447092056274414
204,7.0,155.55555555555554,2.0555555555555554,0.7777777777777777,20.171293258666992
205,8.0,88.88888888888889,1.6111111111111112,1.0888888888888888,10.086746215820312
206,11.0,133.33333333333331,2.1666666666666665,1.011111111111111,13.904051780700684
207,11.0,177.77777777777777,1.8333333333333333,0.7,23.75624656677246
208,12.0,133.33333333333331,1.8333333333333333,0.7777777777777777,16.733131408691406
209,12.0,155.55555555555554,2.1666666666666665,1.2444444444444445,10.620491027832031
210,12.0,200.0,2.5,1.4,21.60816764831543
211,6.0,0.0,1.5,0.7,1.252167820930481
212,12.0,44.44444444444444,1.6111111111111112,0.7,7.182548522949219
213,12.0,111.11111111111111,1.5,0.7,15.89547348022461
214,6.0,66.66666666666666,2.5,1.4,9.963194847106934
215,12.0,22.22222222222222,2.5,1.4,4.710689544677734
216,12.0,177.77777777777777,2.5,1.4,20.51694107055664
217,6.0,111.11111111111111,2.5,1.4,16.867366790771484
218,6.0,155.55555555555554,1.5,1.4,14.883927345275879
219,12.0,200.0,1.5,0.7,26.007389068603516
220,11.0,200.0,1.5,0.7,22.11970329284668
221,12.0,200.0,1.5,1.4,35.04880142211914
222,6.0,133.33333333333331,1.5,1.4,17.65802764892578
223,12.0,66.66666666666666,1.5,0.7,11.51928424835205
224,6.0,44.44444444444444,2.5,1.4,4.699031829833984
225,6.0,177.77777777777777,1.5,1.4,25.407594680786133
226,6.0,22.22222222222222,1.5,0.7,4.184800148010254
227,12.0,200.0,2.5,0.7,23.502382278442383
228,12.0,177.77777777777777,1.5,1.4,18.710227966308594
229,6.0,177.77777777777777,2.5,1.4,27.083297729492188
230,6.0,200.0,1.5,1.4,22.132225036621094
231,12.0,88.88888888888889,2.5,0.7,12.75825023651123
232,6.0,177.77777777777777,2.5,0.7,24.23771858215332
233,12.0,0.0,2.5,1.4,1.8955457210540771
234,12.0,200.0,1.5,1.3222222222222222,30.365739822387695
235,12.0,200.0,1.6111111111111112,1.4,29.065092086791992
236,6.0,133.33333333333331,2.5,0.7,14.313048362731934
237,6.0,111.11111111111111,1.5,0.7,12.27811336517334
238,12.0,111.11111111111111,2.5,1.4,14.919224739074707
239,11.0,200.0,1.5,1.4,22.355438232421875
240,6.0,177.77777777777777,1.5,0.7,24.119787216186523
241,12.0,200.0,2.5,1.3222222222222222,30.74593162536621
242,12.0,200.0,2.388888888888889,1.4,25.165102005004883
243,6.0,200.0,2.5,1.4,36.11544418334961
244,6.0,200.0,2.5,0.7,20.201114654541016
245,6.0,200.0,2.388888888888889,1.4,31.407711029052734
246,8.0,200.0,2.5,1.4,21.901758193969727
247,12.0,177.77777777777777,2.5,0.7,27.473690032958984
248,6.0,177.77777777777777,2.388888888888889,1.4,22.9542236328125
249,6.0,88.88888888888889,2.5,1.4,14.07964038848877
250,6.0,0.0,1.5,1.4,1.3560692071914673
251,6.0,0.0,1.7222222222222223,1.2444444444444445,1.4435536861419678
252,6.0,22.22222222222222,1.9444444444444444,0.7777777777777777,4.641610145568848
253,6.0,155.55555555555554,1.8333333333333333,1.0888888888888888,18.947328567504883
254,6.0,200.0,2.1666666666666665,0.7,30.29813003540039
255,9.0,44.44444444444444,2.5,0.7777777777777777,5.549193859100342
256,10.0,22.22222222222222,2.388888888888889,1.2444444444444445,4.136635780334473
257,10.0,88.88888888888889,1.8333333333333333,1.3222222222222222,9.343913078308105
258,11.0,66.66666666666666,2.0555555555555554,0.7,6.830408573150635
259,11.0,111.11111111111111,1.8333333333333333,1.3222222222222222,16.448524475097656
260,11.0,200.0,1.5,1.0888888888888888,21.202421188354492
261,6.0,200.0,1.5,1.4,22.132225036621094
262,6.0,200.0,2.5,0.7,20.201114654541016
263,6.0,177.77777777777777,1.9444444444444444,0.7,25.838571548461914
264,12.0,177.77777777777777,2.5,1.4,20.51694107055664
265,8.0,133.33333333333331,1.8333333333333333,1.1666666666666665,19.526508331298828
266,12.0,155.55555555555554,2.5,0.7,12.812422752380371
267,6.0,177.77777777777777,1.5,1.4,25.407594680786133
268,12.0,133.33333333333331,2.5,0.7,16.415475845336914
269,6.0,177.77777777777777,2.5,0.7,24.23771858215332
270,6.0,111.11111111111111,2.5,0.7,17.803661346435547
271,12.0,200.0,2.5,0.7,23.502382278442383
272,12.0,177.77777777777777,1.5,0.7,23.724138259887695
273,6.0,177.77777777777777,1.5,0.7,24.119787216186523
274,6.0,133.33333333333331,2.5,0.7,14.313048362731934
275,6.0,177.77777777777777,2.5,1.4,27.083297729492188
276,8.0,177.77777777777777,1.5,1.4,23.027273178100586
277,6.0,200.0,2.5,1.4,36.11544418334961
278,12.0,200.0,2.5,1.4,21.60816764831543
279,6.0,66.66666666666666,1.5,1.4,7.812963485717773
280,6.0,200.0,2.5,1.3222222222222222,22.593547821044922
281,6.0,88.88888888888889,2.5,0.7,16.25202178955078
282,12.0,0.0,2.5,0.7,2.3493854999542236
283,12.0,111.11111111111111,2.5,0.7,17.975706100463867
284,6.0,111.11111111111111,1.5,1.4,14.617480278015137
285,6.0,200.0,1.5,0.7,19.81606674194336
286,12.0,177.77777777777777,2.5,0.7,27.473690032958984
287,6.0,155.55555555555554,2.5,1.4,19.137481689453125
288,12.0,133.33333333333331,1.5,1.4,20.038936614990234
289,12.0,177.77777777777777,1.5,1.4,18.710227966308594
290,12.0,155.55555555555554,1.5,1.4,16.040050506591797
291,12.0,200.0,1.5,1.4,35.04880142211914
292,12.0,200.0,1.5,0.7,26.007389068603516
293,12.0,200.0,2.388888888888889,1.4,25.165102005004883
294,12.0,88.88888888888889,2.5,0.7,12.75825023651123
295,12.0,200.0,1.5,1.3222222222222222,30.365739822387695
296,9.0,200.0,1.5,1.4,20.65654182434082
297,6.0,177.77777777777777,2.5,1.3222222222222222,21.803726196289062
298,12.0,44.44444444444444,1.5,1.4,5.696700096130371
299,12.0,200.0,2.5,0.7777777777777777,30.13197135925293
300,6.0,155.55555555555554,2.388888888888889,0.7777777777777777,20.45229148864746
301,7.0,66.66666666666666,1.5,1.2444444444444445,11.842620849609375
302,7.0,133.33333333333331,1.9444444444444444,0.7777777777777777,17.06925392150879
303,9.0,133.33333333333331,1.5,0.9333333333333333,20.729251861572266
304,9.0,155.55555555555554,1.5,1.2444444444444445,20.76296615600586
305,10.0,177.77777777777777,2.2777777777777777,0.7,20.291013717651367
306,11.0,133.33333333333331,2.388888888888889,1.1666666666666665,18.823030471801758
307,11.0,200.0,1.8333333333333333,1.3222222222222222,22.658946990966797
308,12.0,22.22222222222222,2.0555555555555554,1.011111111111111,4.796546459197998
309,12.0,133.33333333333331,2.388888888888889,0.8555555555555555,20.538251876831055
310,6.0,200.0,2.5,0.7,20.201114654541016
311,12.0,111.11111111111111,1.5,0.7,15.89547348022461
312,12.0,88.88888888888889,2.5,0.7,12.75825023651123
313,6.0,0.0,1.5,1.4,1.3560692071914673
314,6.0,44.44444444444444,2.5,0.7,7.032750606536865
315,12.0,200.0,2.5,0.7,23.502382278442383
316,12.0,200.0,1.5,0.7,26.007389068603516
317,6.0,177.77777777777777,1.5,1.4,25.407594680786133
318,6.0,177.77777777777777,2.5,1.4,27.083297729492188
319,6.0,177.77777777777777,2.5,0.7,24.23771858215332
320,6.0,111.11111111111111,2.5,1.4,16.867366790771484
321,6.0,177.77777777777777,2.388888888888889,1.4,22.9542236328125
322,12.0,155.55555555555554,2.5,0.7,12.812422752380371
323,6.0,177.77777777777777,1.5,0.7,24.119787216186523
324,6.0,88.88888888888889,1.5,1.4,14.696054458618164
325,12.0,200.0,1.5,1.4,35.04880142211914
326,12.0,66.66666666666666,2.5,0.7,8.521974563598633
327,12.0,177.77777777777777,1.5,1.4,18.710227966308594
328,6.0,200.0,1.5,1.4,22.132225036621094
329,12.0,44.44444444444444,1.5,1.4,5.696700096130371
330,12.0,200.0,2.5,1.4,21.60816764831543
331,6.0,22.22222222222222,1.5,1.4,4.741248607635498
332,12.0,0.0,2.5,0.7,2.3493854999542236
333,6.0,155.55555555555554,1.5,1.4,14.883927345275879
334,12.0,200.0,1.5,0.7777777777777777,27.049686431884766
335,6.0,133.33333333333331,2.5,1.4,15.44407844543457
336,6.0,111.11111111111111,1.5,0.7,12.27811336517334
337,12.0,111.11111111111111,2.5,1.4,14.919224739074707
338,12.0,200.0,1.5,1.3222222222222222,30.365739822387695
339,6.0,200.0,1.5,0.7,19.81606674194336
340,12.0,133.33333333333331,1.5,1.4,20.038936614990234
341,12.0,177.77777777777777,2.5,1.4,20.51694107055664
342,12.0,200.0,1.5,1.2444444444444445,29.04913330078125
343,6.0,88.88888888888889,2.5,0.7,16.25202178955078
344,10.0,200.0,1.5,1.4,28.79196548461914
345,12.0,200.0,1.5,0.8555555555555555,21.297582626342773
346,12.0,200.0,2.5,1.3222222222222222,30.74593162536621
347,9.0,200.0,2.5,1.4,26.41598129272461
348,12.0,200.0,2.388888888888889,1.4,25.165102005004883
349,12.0,88.88888888888889,1.5,1.4,10.765218734741211
350,6.0,22.22222222222222,1.8333333333333333,0.7777777777777777,2.5986483097076416
351,8.0,88.88888888888889,2.1666666666666665,0.7,11.907453536987305
352,8.0,111.11111111111111,1.8333333333333333,1.0888888888888888,15.966002464294434
353,8.0,177.77777777777777,1.7222222222222223,0.7,21.46638298034668
354,9.0,133.33333333333331,1.9444444444444444,1.3222222222222222,17.459747314453125
355,11.0,0.0,2.388888888888889,0.9333333333333333,1.87588369846344
356,11.0,22.22222222222222,1.7222222222222223,1.0888888888888888,3.1276497840881348
357,11.0,88.88888888888889,2.388888888888889,1.1666666666666665,13.13021469116211
358,11.0,88.88888888888889,2.5,1.3222222222222222,15.857914924621582
359,11.0,111.11111111111111,1.8333333333333333,0.7777777777777777,11.75328254699707
360,12.0,177.77777777777777,2.5,1.4,20.51694107055664
361,6.0,177.77777777777777,2.5,1.4,27.083297729492188
362,6.0,155.55555555555554,2.5,1.4,19.137481689453125
363,6.0,200.0,2.5,1.4,36.11544418334961
364,12.0,200.0,1.5,0.7,26.007389068603516
365,6.0,200.0,1.5,0.7,19.81606674194336
366,12.0,200.0,2.5,1.4,21.60816764831543
367,12.0,66.66666666666666,2.5,1.4,11.802032470703125
368,12.0,44.44444444444444,2.5,1.4,8.329623222351074
369,12.0,155.55555555555554,1.5,0.7,24.353260040283203
370,6.0,200.0,2.5,1.3222222222222222,22.593547821044922
371,6.0,66.66666666666666,1.5,0.7,9.814324378967285
372,12.0,155.55555555555554,2.5,1.4,19.26740074157715
373,6.0,177.77777777777777,1.5,1.4,25.407594680786133
374,6.0,133.33333333333331,2.5,0.7,14.313048362731934
375,6.0,44.44444444444444,1.5,0.7,8.140519142150879
376,12.0,133.33333333333331,1.5,0.7,22.110380172729492
377,6.0,155.55555555555554,1.5,0.7,17.226388931274414
378,12.0,177.77777777777777,1.5,0.7,23.724138259887695
379,6.0,200.0,1.5,1.4,22.132225036621094
380,6.0,177.77777777777777,2.5,0.7,24.23771858215332
381,12.0,200.0,2.5,0.7,23.502382278442383
382,6.0,200.0,2.5,0.7,20.201114654541016
383,12.0,133.33333333333331,2.5,1.4,22.242326736450195
384,12.0,200.0,1.5,1.4,35.04880142211914
385,12.0,200.0,1.6111111111111112,1.4,29.065092086791992
386,12.0,200.0,1.5,1.3222222222222222,30.365739822387695
387,12.0,200.0,2.388888888888889,1.4,25.165102005004883
388,9.0,200.0,1.5,1.4,20.65654182434082
389,12.0,177.77777777777777,1.5,1.4,18.710227966308594
390,6.0,111.11111111111111,2.5,1.4,16.867366790771484
391,6.0,177.77777777777777,1.5,0.7,24.119787216186523
392,6.0,0.0,1.5,1.4,1.3560692071914673
393,12.0,155.55555555555554,1.5,1.4,16.040050506591797
394,6.0,88.88888888888889,1.5,1.4,14.696054458618164
395,12.0,200.0,1.6111111111111112,0.7,24.356670379638672
396,6.0,177.77777777777777,2.388888888888889,1.4,22.9542236328125
397,12.0,133.33333333333331,2.5,0.7,16.415475845336914
398,6.0,133.33333333333331,1.5,1.4,17.65802764892578
399,12.0,177.77777777777777,2.5,0.7,27.473690032958984
400,6.0,44.44444444444444,1.6111111111111112,0.7,5.764149188995361
401,6.0,200.0,1.9444444444444444,0.9333333333333333,30.128507614135742
402,7.0,66.66666666666666,1.6111111111111112,0.9333333333333333,7.109914779663086
403,7.0,133.33333333333331,1.7222222222222223,0.9333333333333333,19.604318618774414
404,10.0,22.22222222222222,2.0555555555555554,0.9333333333333333,4.098130226135254
405,11.0,0.0,1.7222222222222223,1.2444444444444445,2.708926200866699
406,11.0,66.66666666666666,2.5,1.4,9.867094039916992
407,11.0,88.88888888888889,1.8333333333333333,1.2444444444444445,11.626279830932617
408,12.0,22.22222222222222,1.9444444444444444,1.1666666666666665,3.8376574516296387
409,12.0,177.77777777777777,2.388888888888889,1.3222222222222222,31.91132164001465
410,6.0,177.77777777777777,1.5,0.7,24.119787216186523
411,12.0,200.0,2.5,1.4,21.60816764831543
412,12.0,177.77777777777777,1.5,0.7,23.724138259887695
413,10.0,155.55555555555554,2.5,1.4,17.598913192749023
414,6.0,111.11111111111111,1.6111111111111112,0.7,13.766297340393066
415,9.0,177.77777777777777,2.5,1.4,19.46157455444336
416,6.0,200.0,1.5,1.4,22.132225036621094
417,12.0,133.33333333333331,2.5,1.4,22.242326736450195
418,6.0,200.0,2.5,0.7,20.201114654541016
419,12.0,111.11111111111111,2.5,1.4,14.919224739074707
420,12.0,177.77777777777777,2.5,0.7,27.473690032958984
421,6.0,155.55555555555554,1.5,0.7,17.226388931274414
422,12.0,177.77777777777777,1.5,1.4,18.710227966308594
423,12.0,200.0,1.5,0.7,26.007389068603516
424,6.0,177.77777777777777,2.5,0.7,24.23771858215332
425,12.0,133.33333333333331,1.5,0.7,22.110380172729492
426,12.0,200.0,1.5,0.7777777777777777,27.049686431884766
427,6.0,133.33333333333331,2.5,1.4,15.44407844543457
428,12.0,200.0,1.5,1.4,35.04880142211914
429,6.0,88.88888888888889,2.5,0.7,16.25202178955078
430,12.0,200.0,1.5,1.3222222222222222,30.365739822387695
431,12.0,155.55555555555554,1.5,0.7,24.353260040283203
432,12.0,200.0,2.5,0.7,23.502382278442383
433,9.0,200.0,1.5,1.4,20.65654182434082
434,12.0,44.44444444444444,2.5,1.4,8.329623222351074
435,6.0,177.77777777777777,1.5,1.4,25.407594680786133
436,12.0,155.55555555555554,2.5,0.7,12.812422752380371
437,6.0,177.77777777777777,2.5,1.4,27.083297729492188
438,12.0,177.77777777777777,2.5,0.7777777777777777,31.046493530273438
439,12.0,177.77777777777777,2.5,1.4,20.51694107055664
440,6.0,200.0,1.5,0.7,19.81606674194336
441,12.0,200.0,2.5,1.3222222222222222,30.74593162536621
442,12.0,200.0,1.6111111111111112,1.4,29.065092086791992
443,12.0,200.0,2.5,0.7777777777777777,30.13197135925293
444,6.0,0.0,2.5,0.7,1.3187143802642822
445,12.0,200.0,1.6111111111111112,0.7,24.356670379638672
446,12.0,133.33333333333331,1.5,1.4,20.038936614990234
447,6.0,177.77777777777777,2.5,0.7777777777777777,18.98175621032715
448,12.0,200.0,2.388888888888889,1.4,25.165102005004883
449,6.0,155.55555555555554,2.5,1.4,19.137481689453125
450,6.0,0.0,1.8333333333333333,1.1666666666666665,1.408321499824524
451,6.0,133.33333333333331,1.6111111111111112,0.9333333333333333,17.54808807373047
452,7.0,44.44444444444444,1.7222222222222223,1.4,6.697957992553711
453,7.0,66.66666666666666,1.9444444444444444,1.0888888888888888,16.55457878112793
454,7.0,111.11111111111111,1.9444444444444444,0.9333333333333333,16.296852111816406
455,8.0,66.66666666666666,1.5,0.8555555555555555,10.005207061767578
456,9.0,22.22222222222222,1.5,0.8555555555555555,3.2348458766937256
457,9.0,177.77777777777777,1.6111111111111112,0.7777777777777777,18.051332473754883
458,10.0,44.44444444444444,1.6111111111111112,1.011111111111111,6.118978977203369
459,10.0,133.33333333333331,1.8333333333333333,1.4,16.776737213134766
460,12.0,177.77777777777777,2.5,1.4,20.51694107055664
461,10.0,155.55555555555554,2.2777777777777777,1.4,17.691415786743164
462,12.0,200.0,2.5,1.4,21.60816764831543
463,6.0,200.0,1.5,0.7,19.81606674194336
464,12.0,200.0,1.5,0.7,26.007389068603516
465,6.0,88.88888888888889,2.5,1.4,14.07964038848877
466,12.0,200.0,1.5,0.7777777777777777,27.049686431884766
467,12.0,200.0,1.5,1.4,35.04880142211914
468,12.0,88.88888888888889,1.5,0.7,15.401411056518555
469,12.0,111.11111111111111,2.5,1.4,14.919224739074707
470,6.0,155.55555555555554,1.5,0.7,17.226388931274414
471,6.0,177.77777777777777,2.5,1.4,27.083297729492188
472,6.0,200.0,2.5,1.4,36.11544418334961
473,6.0,200.0,2.388888888888889,1.4,31.407711029052734
474,8.0,200.0,1.5,1.4,26.62603759765625
475,6.0,200.0,2.5,0.7,20.201114654541016
476,6.0,200.0,1.5,1.4,22.132225036621094
477,12.0,200.0,2.388888888888889,1.4,25.165102005004883
478,12.0,200.0,1.6111111111111112,1.4,29.065092086791992
479,6.0,177.77777777777777,2.5,0.7,24.23771858215332
480,12.0,66.66666666666666,2.5,1.4,11.802032470703125
481,12.0,133.33333333333331,2.5,0.7,16.415475845336914
482,6.0,177.77777777777777,1.5,1.4,25.407594680786133
483,12.0,155.55555555555554,1.5,0.7,24.353260040283203
484,8.0,200.0,2.5,1.4,21.901758193969727
485,12.0,0.0,2.5,0.7,2.3493854999542236
486,12.0,155.55555555555554,2.5,0.7,12.812422752380371
487,12.0,177.77777777777777,1.5,1.4,18.710227966308594
488,12.0,200.0,2.5,0.7,23.502382278442383
489,12.0,111.11111111111111,1.5,0.7,15.89547348022461
490,6.0,177.77777777777777,1.5,0.7,24.119787216186523
491,6.0,133.33333333333331,2.5,1.4,15.44407844543457
492,6.0,155.55555555555554,2.5,1.4,19.137481689453125
493,6.0,111.11111111111111,1.5,1.4,14.617480278015137
494,12.0,200.0,1.5,1.3222222222222222,30.365739822387695
495,12.0,88.88888888888889,2.5,1.4,11.701470375061035
496,6.0,177.77777777777777,2.5,1.3222222222222222,21.803726196289062
497,6.0,88.88888888888889,1.5,0.7,13.715096473693848
498,11.0,200.0,1.5,1.4,22.355438232421875
499,12.0,177.77777777777777,2.5,0.7,27.473690032958984
500,6.0,22.22222222222222,1.9444444444444444,1.4,2.905647039413452
501,6.0,155.55555555555554,1.5,1.4,14.883927345275879
502,6.0,155.55555555555554,2.388888888888889,1.0888888888888888,24.305015563964844
503,8.0,0.0,2.1666666666666665,1.011111111111111,1.605011224746704
504,8.0,22.22222222222222,2.2777777777777777,1.4,5.645363807678223
505,8.0,155.55555555555554,2.1666666666666665,1.2444444444444445,18.879968643188477
506,10.0,88.88888888888889,1.8333333333333333,1.0888888888888888,12.202981948852539
507,10.0,155.55555555555554,1.5,0.9333333333333333,27.886320114135742
508,11.0,44.44444444444444,2.388888888888889,0.8555555555555555,6.374584197998047
509,12.0,111.11111111111111,2.2777777777777777,0.7777777777777777,16.1116886138916
510,12.0,155.55555555555554,2.5,0.7,12.812422752380371
511,9.0,133.33333333333331,1.5,0.7,12.953432083129883
512,7.0,177.77777777777777,1.5,0.7,22.950239181518555
513,12.0,177.77777777777777,2.5,1.4,20.51694107055664
514,8.0,200.0,1.7222222222222223,0.8555555555555555,28.615489959716797
515,12.0,200.0,2.5,1.4,21.60816764831543
516,6.0,200.0,1.5,0.7,19.81606674194336
517,6.0,66.66666666666666,1.5,1.4,7.812963485717773
518,12.0,200.0,1.5,0.7,26.007389068603516
519,6.0,177.77777777777777,2.5,1.4,27.083297729492188
520,6.0,177.77777777777777,2.5,0.7,24.23771858215332
521,6.0,111.11111111111111,1.5,1.4,14.617480278015137
522,12.0,200.0,1.5,0.7777777777777777,27.049686431884766
523,9.0,200.0,2.5,0.7,23.02642059326172
524,6.0,177.77777777777777,1.5,1.4,25.407594680786133
525,12.0,200.0,1.5,1.4,35.04880142211914
526,12.0,66.66666666666666,2.5,0.7,8.521974563598633
527,12.0,177.77777777777777,1.5,0.7,23.724138259887695
528,12.0,200.0,1.5,1.3222222222222222,30.365739822387695
529,6.0,200.0,1.5,1.4,22.132225036621094
530,6.0,88.88888888888889,2.5,0.7,16.25202178955078
531,6.0,133.33333333333331,2.5,1.4,15.44407844543457
532,12.0,133.33333333333331,2.5,1.4,22.242326736450195
533,12.0,200.0,1.5,1.2444444444444445,29.04913330078125
534,6.0,44.44444444444444,1.5,1.4,5.410153388977051
535,12.0,200.0,2.5,0.7,23.502382278442383
536,11.0,200.0,1.5,1.4,22.355438232421875
537,12.0,177.77777777777777,1.5,1.4,18.710227966308594
538,6.0,200.0,2.5,1.4,36.11544418334961
539,6.0,200.0,2.5,1.3222222222222222,22.593547821044922
540,6.0,177.77777777777777,1.5,0.7,24.119787216186523
541,12.0,88.88888888888889,2.5,1.4,11.701470375061035
542,12.0,155.55555555555554,1.5,1.4,16.040050506591797
543,6.0,111.11111111111111,2.5,0.7,17.803661346435547
544,6.0,200.0,2.5,0.7,20.201114654541016
545,12.0,111.11111111111111,1.5,1.4,14.437835693359375
546,12.0,200.0,2.388888888888889,1.4,25.165102005004883
547,12.0,133.33333333333331,1.5,0.7,22.110380172729492
548,12.0,22.22222222222222,1.5,0.7,3.3695855140686035
549,6.0,177.77777777777777,2.5,1.3222222222222222,21.803726196289062
550,6.0,88.88888888888889,2.2777777777777777,0.7777777777777777,11.554137229919434
551,7.0,0.0,2.5,0.8555555555555555,1.174604058265686
552,7.0,155.55555555555554,1.5,0.7777777777777777,27.3779354095459
553,8.0,155.55555555555554,2.2777777777777777,0.7,20.87849998474121
554,9.0,88.88888888888889,2.5,0.8555555555555555,15.328483581542969
555,9.0,111.11111111111111,1.6111111111111112,1.1666666666666665,15.664373397827148
556,10.0,88.88888888888889,1.8333333333333333,1.011111111111111,11.336751937866211
557,11.0,0.0,2.1666666666666665,1.2444444444444445,1.6693860292434692
558,11.0,177.77777777777777,2.0555555555555554,1.3222222222222222,23.454540252685547
559,12.0,88.88888888888889,1.9444444444444444,1.011111111111111,11.480026245117188
560,6.0,133.33333333333331,1.5,1.1666666666666665,19.331220626831055
561,11.0,200.0,2.0555555555555554,1.3222222222222222,27.55847930908203
562,6.0,200.0,1.5,0.7,19.81606674194336
563,8.0,44.44444444444444,1.7222222222222223,0.7,7.503612518310547
564,12.0,200.0,2.5,0.7,23.502382278442383
565,12.0,66.66666666666666,2.5,1.4,11.802032470703125
566,12.0,22.22222222222222,1.5,1.4,4.2714338302612305
567,6.0,177.77777777777777,1.5,0.7,24.119787216186523
568,12.0,200.0,1.5,1.4,35.04880142211914
569,12.0,200.0,1.5,0.7,26.007389068603516
570,12.0,155.55555555555554,1.5,1.4,16.040050506591797
571,12.0,133.33333333333331,2.5,0.7,16.415475845336914
572,12.0,200.0,1.6111111111111112,1.4,29.065092086791992
573,6.0,177.77777777777777,2.5,1.4,27.083297729492188
574,6.0,155.55555555555554,1.5,1.4,14.883927345275879
575,6.0,200.0,2.5,1.4,36.11544418334961
576,6.0,200.0,1.5,1.4,22.132225036621094
577,12.0,200.0,2.5,1.4,21.60816764831543
578,12.0,177.77777777777777,2.5,0.7,27.473690032958984
579,6.0,66.66666666666666,1.5,0.7,9.814324378967285
580,12.0,177.77777777777777,1.5,1.4,18.710227966308594
581,6.0,200.0,2.5,1.3222222222222222,22.593547821044922
582,6.0,177.77777777777777,2.5,0.7,24.23771858215332
583,6.0,111.11111111111111,2.5,0.7,17.803661346435547
584,12.0,111.11111111111111,2.5,0.7,17.975706100463867
585,6.0,177.77777777777777,1.5,1.4,25.407594680786133
586,6.0,22.22222222222222,2.5,0.7,4.40881872177124
587,6.0,133.33333333333331,2.5,0.7,14.313048362731934
588,12.0,155.55555555555554,2.5,0.7,12.812422752380371
589,6.0,200.0,2.5,0.7,20.201114654541016
590,12.0,133.33333333333331,1.5,1.4,20.038936614990234
591,12.0,200.0,1.5,1.3222222222222222,30.365739822387695
592,12.0,177.77777777777777,1.5,0.7,23.724138259887695
593,12.0,44.44444444444444,2.5,1.4,8.329623222351074
594,12.0,200.0,2.388888888888889,1.4,25.165102005004883
595,9.0,200.0,1.5,1.4,20.65654182434082
596,6.0,177.77777777777777,2.5,0.7777777777777777,18.98175621032715
597,12.0,177.77777777777777,2.5,1.4,20.51694107055664
598,12.0,200.0,1.6111111111111112,0.7,24.356670379638672
599,12.0,111.11111111111111,1.5,1.4,14.437835693359375
600,6.0,44.44444444444444,1.7222222222222223,1.2444444444444445,5.412554740905762
601,6.0,155.55555555555554,2.5,0.9333333333333333,19.290224075317383
602,6.0,177.77777777777777,1.9444444444444444,1.4,18.80286407470703
603,6.0,200.0,1.5,0.9333333333333333,22.569921493530273
604,8.0,155.55555555555554,1.9444444444444444,1.4,25.639150619506836
605,8.0,200.0,1.9444444444444444,1.0888888888888888,25.756380081176758
606,9.0,22.22222222222222,2.1666666666666665,1.2444444444444445,4.445212364196777
607,10.0,133.33333333333331,1.7222222222222223,1.0888888888888888,15.436958312988281
608,12.0,22.22222222222222,1.5,1.0888888888888888,3.1344656944274902
609,12.0,133.33333333333331,1.6111111111111112,1.2444444444444445,15.030176162719727
610,12.0,155.55555555555554,1.5,1.4,16.040050506591797
611,12.0,200.0,2.5,1.4,21.60816764831543
612,8.0,111.11111111111111,1.8333333333333333,0.8555555555555555,16.026973724365234
613,8.0,88.88888888888889,1.8333333333333333,0.9333333333333333,12.297867774963379
614,12.0,66.66666666666666,2.5,0.7,8.521974563598633
615,6.0,0.0,2.5,0.7,1.3187143802642822
616,6.0,200.0,2.5,1.4,36.11544418334961
617,6.0,200.0,2.5,0.7,20.201114654541016
618,6.0,200.0,2.388888888888889,1.4,31.407711029052734
619,12.0,177.77777777777777,2.5,0.7,27.473690032958984
620,12.0,177.77777777777777,1.5,1.4,18.710227966308594
621,6.0,177.77777777777777,1.5,0.7,24.119787216186523
622,6.0,200.0,1.5,1.4,22.132225036621094
623,12.0,111.11111111111111,2.5,1.4,14.919224739074707
624,6.0,66.66666666666666,1.5,1.4,7.812963485717773
625,6.0,133.33333333333331,2.5,0.7,14.313048362731934
626,6.0,177.77777777777777,2.5,0.7,24.23771858215332
627,12.0,177.77777777777777,1.5,0.7,23.724138259887695
628,12.0,155.55555555555554,2.5,0.7,12.812422752380371
629,7.0,200.0,2.5,1.4,32.16946792602539
630,6.0,155.55555555555554,1.5,1.4,14.883927345275879
631,6.0,200.0,2.5,1.3222222222222222,22.593547821044922
632,12.0,200.0,2.5,0.7,23.502382278442383
633,12.0,44.44444444444444,2.5,0.7,6.114800453186035
634,12.0,200.0,1.5,1.4,35.04880142211914
635,12.0,200.0,1.6111111111111112,1.4,29.065092086791992
636,11.0,200.0,1.5,1.4,22.355438232421875
637,12.0,88.88888888888889,2.5,1.4,11.701470375061035
638,12.0,200.0,1.5,0.7,26.007389068603516
639,6.0,111.11111111111111,2.5,1.4,16.867366790771484
640,12.0,0.0,1.5,1.4,2.2164371013641357
641,12.0,200.0,2.388888888888889,1.4,25.165102005004883
642,12.0,177.77777777777777,2.5,1.4,20.51694107055664
643,12.0,111.11111111111111,1.5,0.7,15.89547348022461
644,6.0,200.0,1.6111111111111112,1.4,25.457746505737305
645,12.0,200.0,1.6111111111111112,0.7,24.356670379638672
646,6.0,133.33333333333331,1.5,1.4,17.65802764892578
647,6.0,88.88888888888889,2.5,1.4,14.07964038848877
648,6.0,177.77777777777777,2.388888888888889,0.7,15.535664558410645
649,6.0,200.0,1.5,0.7,19.81606674194336
650,6.0,133.33333333333331,2.1666666666666665,1.3222222222222222,13.054343223571777
651,6.0,155.55555555555554,2.5,1.0888888888888888,21.990995407104492
652,7.0,22.22222222222222,1.8333333333333333,1.4,3.9863064289093018
653,7.0,133.33333333333331,1.8333333333333333,0.9333333333333333,19.613290786743164
654,9.0,177.77777777777777,2.5,0.7777777777777777,14.764366149902344
655,10.0,88.88888888888889,2.5,0.7,10.965195655822754
656,11.0,44.44444444444444,1.8333333333333333,1.1666666666666665,8.574014663696289
657,11.0,155.55555555555554,2.1666666666666665,0.8555555555555555,21.0186767578125
658,12.0,22.22222222222222,2.5,1.011111111111111,5.489439487457275
659,12.0,155.55555555555554,2.0555555555555554,1.0888888888888888,17.529216766357422
660,6.0,155.55555555555554,1.5,0.7,17.226388931274414
661,12.0,111.11111111111111,1.5,0.7,15.89547348022461
662,9.0,200.0,2.5,0.8555555555555555,21.635128021240234
663,6.0,200.0,1.5,1.4,22.132225036621094
664,12.0,200.0,1.5,1.4,35.04880142211914
665,12.0,200.0,1.5,1.3222222222222222,30.365739822387695
666,6.0,66.66666666666666,1.5,1.4,7.812963485717773
667,12.0,0.0,1.5,0.7,1.889445185661316
668,12.0,200.0,1.5,0.7,26.007389068603516
669,12.0,200.0,2.5,1.4,21.60816764831543
670,6.0,111.11111111111111,2.5,1.4,16.867366790771484
671,12.0,133.33333333333331,1.5,0.7,22.110380172729492
672,12.0,66.66666666666666,2.5,0.7,8.521974563598633
673,12.0,177.77777777777777,1.5,1.4,18.710227966308594
674,12.0,133.33333333333331,2.5,1.4,22.242326736450195
675,6.0,177.77777777777777,1.5,1.4,25.407594680786133
676,12.0,200.0,1.5,0.7777777777777777,27.049686431884766
677,6.0,88.88888888888889,1.5,1.4,14.696054458618164
678,11.0,200.0,1.5,1.4,22.355438232421875
679,6.0,44.44444444444444,2.5,0.7,7.032750606536865
680,6.0,200.0,1.5,0.7,19.81606674194336
681,6.0,177.77777777777777,1.5,0.7,24.119787216186523
682,6.0,0.0,2.5,1.4,1.1972664594650269
683,6.0,111.11111111111111,1.5,0.7,12.27811336517334
684,12.0,111.11111111111111,2.5,1.4,14.919224739074707
685,6.0,177.77777777777777,2.5,1.4,27.083297729492188
686,12.0,200.0,2.5,0.7,23.502382278442383
687,12.0,88.88888888888889,1.5,1.4,10.765218734741211
688,12.0,133.33333333333331,2.5,0.7,16.415475845336914
689,6.0,177.77777777777777,2.5,1.3222222222222222,21.803726196289062
690,6.0,200.0,2.5,1.4,36.11544418334961
691,6.0,200.0,2.5,1.3222222222222222,22.593547821044922
692,12.0,177.77777777777777,2.5,0.7,27.473690032958984
693,12.0,177.77777777777777,1.5,0.7,23.724138259887695
694,6.0,200.0,2.5,0.7,20.201114654541016
695,12.0,200.0,2.388888888888889,1.4,25.165102005004883
696,12.0,155.55555555555554,1.5,1.4,16.040050506591797
697,12.0,177.77777777777777,2.5,1.4,20.51694107055664
698,6.0,155.55555555555554,2.5,1.4,19.137481689453125
699,6.0,177.77777777777777,1.6111111111111112,0.7,16.44093894958496
700,7.0,0.0,2.1666666666666665,1.3222222222222222,1.6629842519760132
701,7.0,88.88888888888889,2.2777777777777777,0.7,8.736498832702637
702,8.0,22.22222222222222,2.5,1.4,3.420003890991211
703,9.0,22.22222222222222,2.388888888888889,1.0888888888888888,3.4153361320495605
704,9.0,44.44444444444444,1.6111111111111112,0.7,6.144516468048096
705,9.0,133.33333333333331,1.7222222222222223,0.8555555555555555,19.056428909301758
706,10.0,155.55555555555554,1.6111111111111112,1.3222222222222222,18.077537536621094
707,10.0,200.0,1.5,1.011111111111111,21.762971878051758
708,12.0,0.0,1.5,0.9333333333333333,2.657691478729248
709,12.0,155.55555555555554,1.7222222222222223,0.7,22.124317169189453
710,6.0,200.0,2.5,1.4,36.11544418334961
711,6.0,200.0,2.5,0.7,20.201114654541016
712,7.0,177.77777777777777,2.5,1.4,16.953481674194336
713,12.0,111.11111111111111,1.5,1.1666666666666665,13.858341217041016
714,6.0,200.0,1.5,1.4,22.132225036621094
715,12.0,66.66666666666666,2.5,1.4,11.802032470703125
716,12.0,200.0,2.5,1.4,21.60816764831543
717,12.0,177.77777777777777,1.5,0.7,23.724138259887695
718,6.0,111.11111111111111,2.5,0.7,17.803661346435547
719,6.0,155.55555555555554,2.5,0.7,16.752256393432617
720,6.0,66.66666666666666,1.5,0.7,9.814324378967285
721,12.0,133.33333333333331,2.5,1.4,22.242326736450195
722,6.0,133.33333333333331,2.5,1.4,15.44407844543457
723,12.0,177.77777777777777,2.5,1.4,20.51694107055664
724,12.0,88.88888888888889,1.5,1.4,10.765218734741211
725,6.0,177.77777777777777,1.5,0.7,24.119787216186523
726,12.0,133.33333333333331,1.5,0.7,22.110380172729492
727,6.0,200.0,2.5,1.3222222222222222,22.593547821044922
728,12.0,200.0,2.5,0.7,23.502382278442383
729,12.0,155.55555555555554,2.5,1.4,19.26740074157715
730,6.0,111.11111111111111,1.5,1.4,14.617480278015137
731,6.0,200.0,1.5,0.7,19.81606674194336
732,12.0,177.77777777777777,1.5,1.4,18.710227966308594
733,12.0,200.0,1.5,1.4,35.04880142211914
734,12.0,200.0,1.6111111111111112,1.4,29.065092086791992
735,12.0,200.0,2.388888888888889,1.4,25.165102005004883
736,12.0,200.0,1.5,0.7,26.007389068603516
737,6.0,177.77777777777777,2.5,0.7,24.23771858215332
738,6.0,155.55555555555554,1.5,1.4,14.883927345275879
739,12.0,177.77777777777777,2.5,0.7,27.473690032958984
740,6.0,133.33333333333331,1.5,0.7,20.63754653930664
741,12.0,44.44444444444444,2.5,1.4,8.329623222351074
742,12.0,133.33333333333331,2.5,0.7,16.415475845336914
743,12.0,200.0,1.7222222222222223,1.4,35.27912139892578
744,11.0,200.0,1.5,1.4,22.355438232421875
745,12.0,111.11111111111111,2.5,0.7,17.975706100463867
746,6.0,177.77777777777777,1.5,1.4,25.407594680786133
747,12.0,200.0,2.388888888888889,0.7,21.863399505615234
748,6.0,200.0,1.6111111111111112,1.4,25.457746505737305
749,6.0,177.77777777777777,1.6111111111111112,0.7,16.44093894958496
750,6.0,0.0,1.5,1.4,1.3560692071914673
751,7.0,155.55555555555554,2.388888888888889,0.7,20.261268615722656
752,8.0,177.77777777777777,2.0555555555555554,1.011111111111111,23.80668067932129
753,9.0,177.77777777777777,2.388888888888889,1.3222222222222222,28.721771240234375
754,9.0,200.0,1.9444444444444444,1.011111111111111,22.016895294189453
755,10.0,177.77777777777777,1.7222222222222223,0.8555555555555555,20.45107078552246
756,11.0,0.0,2.388888888888889,0.9333333333333333,1.87588369846344
757,11.0,111.11111111111111,1.9444444444444444,1.1666666666666665,13.342334747314453
758,11.0,155.55555555555554,1.8333333333333333,0.7777777777777777,20.751102447509766
759,12.0,88.88888888888889,1.8333333333333333,1.2444444444444445,11.190895080566406
760,10.0,133.33333333333331,1.9444444444444444,0.7,18.20421600341797
761,11.0,44.44444444444444,1.9444444444444444,1.3222222222222222,6.152597904205322
762,6.0,66.66666666666666,2.5,0.7,9.22893238067627
763,6.0,22.22222222222222,2.5,0.7,4.40881872177124
764,6.0,177.77777777777777,2.5,1.4,27.083297729492188
765,12.0,177.77777777777777,2.5,1.4,20.51694107055664
766,6.0,177.77777777777777,2.5,1.3222222222222222,21.803726196289062
767,6.0,200.0,2.5,1.4,36.11544418334961
768,6.0,200.0,2.5,0.7,20.201114654541016
769,6.0,200.0,1.5,1.4,22.132225036621094
770,12.0,200.0,2.5,1.4,21.60816764831543
771,6.0,133.33333333333331,2.5,1.4,15.44407844543457
772,6.0,88.88888888888889,2.5,0.7,16.25202178955078
773,12.0,66.66666666666666,1.5,1.4,8.433660507202148
774,6.0,111.11111111111111,2.5,0.7,17.803661346435547
775,6.0,155.55555555555554,1.5,1.4,14.883927345275879
776,12.0,155.55555555555554,2.5,1.4,19.26740074157715
777,6.0,177.77777777777777,1.5,0.7,24.119787216186523
778,12.0,133.33333333333331,1.5,1.4,20.038936614990234
779,12.0,200.0,1.5,0.7,26.007389068603516
780,12.0,22.22222222222222,1.5,1.4,4.2714338302612305
781,6.0,200.0,1.5,0.7,19.81606674194336
782,12.0,177.77777777777777,1.5,0.7,23.724138259887695
783,12.0,200.0,2.5,1.3222222222222222,30.74593162536621
784,12.0,200.0,1.5,1.4,35.04880142211914
785,12.0,200.0,1.6111111111111112,1.4,29.065092086791992
786,12.0,200.0,2.5,0.7,23.502382278442383
787,12.0,200.0,1.7222222222222223,1.4,35.27912139892578
788,11.0,200.0,1.5,1.4,22.355438232421875
789,6.0,44.44444444444444,2.5,0.7,7.032750606536865
790,6.0,200.0,2.388888888888889,1.4,31.407711029052734
791,7.0,200.0,2.5,1.4,32.16946792602539
792,9.0,200.0,2.5,1.4,26.41598129272461
793,6.0,177.77777777777777,1.5,1.4,25.407594680786133
794,6.0,177.77777777777777,2.5,0.7,24.23771858215332
795,6.0,111.11111111111111,1.5,1.4,14.617480278015137
796,6.0,200.0,1.6111111111111112,1.4,25.457746505737305
797,12.0,200.0,2.388888888888889,1.4,25.165102005004883
798,12.0,177.77777777777777,1.5,1.4,18.710227966308594
799,6.0,133.33333333333331,1.5,0.7,20.63754653930664
800,6.0,155.55555555555554,2.2777777777777777,1.4,23.820850372314453
801,7.0,177.77777777777777,2.2777777777777777,1.0888888888888888,21.252685546875
802,8.0,66.66666666666666,2.5,0.7777777777777777,7.961016654968262
803,9.0,155.55555555555554,2.0555555555555554,0.7,13.938435554504395
804,10.0,111.11111111111111,2.2777777777777777,1.4,17.799482345581055
805,10.0,155.55555555555554,1.7222222222222223,0.7,20.255849838256836
806,10.0,200.0,1.8333333333333333,1.3222222222222222,28.95063591003418
807,11.0,88.88888888888889,2.1666666666666665,1.3222222222222222,13.389341354370117
808,11.0,133.33333333333331,2.0555555555555554,1.3222222222222222,20.62415885925293
809,12.0,155.55555555555554,2.388888888888889,0.7,18.68428611755371
810,6.0,200.0,2.5,0.7,20.201114654541016
811,12.0,200.0,1.5,1.4,35.04880142211914
812,12.0,200.0,2.5,0.7,23.502382278442383
813,6.0,0.0,1.5,0.7,1.252167820930481
814,12.0,44.44444444444444,1.5,1.4,5.696700096130371
815,12.0,22.22222222222222,2.5,1.4,4.710689544677734
816,12.0,177.77777777777777,1.5,0.7,23.724138259887695
817,12.0,200.0,1.5,1.3222222222222222,30.365739822387695
818,6.0,133.33333333333331,1.5,0.7,20.63754653930664
819,12.0,200.0,2.5,1.4,21.60816764831543
820,6.0,200.0,1.5,1.4,22.132225036621094
821,12.0,200.0,1.5,0.7,26.007389068603516
822,6.0,111.11111111111111,1.5,0.7,12.27811336517334
823,12.0,177.77777777777777,2.5,1.4,20.51694107055664
824,6.0,88.88888888888889,1.5,0.7,13.715096473693848
825,6.0,177.77777777777777,1.5,1.4,25.407594680786133
826,6.0,133.33333333333331,2.5,1.4,15.44407844543457
827,12.0,200.0,1.5,0.7777777777777777,27.049686431884766
828,12.0,133.33333333333331,1.5,0.7,22.110380172729492
829,6.0,44.44444444444444,2.5,0.7,7.032750606536865
830,12.0,111.11111111111111,1.5,0.7,15.89547348022461
831,6.0,22.22222222222222,1.5,0.7,4.184800148010254
832,6.0,177.77777777777777,1.5,0.7,24.119787216186523
833,11.0,200.0,1.5,1.4,22.355438232421875
834,6.0,155.55555555555554,1.5,1.4,14.883927345275879
835,12.0,177.77777777777777,1.5,1.4,18.710227966308594
836,6.0,177.77777777777777,2.5,0.7,24.23771858215332
837,12.0,0.0,2.5,1.4,1.8955457210540771
838,12.0,66.66666666666666,1.5,1.4,8.433660507202148
839,6.0,200.0,1.5,0.7,19.81606674194336
840,12.0,133.33333333333331,2.5,0.7,16.415475845336914
841,12.0,200.0,2.5,1.3222222222222222,30.74593162536621
842,12.0,200.0,1.6111111111111112,1.4,29.065092086791992
843,12.0,200.0,2.5,0.7777777777777777,30.13197135925293
844,12.0,200.0,1.6111111111111112,0.7,24.356670379638672
845,6.0,177.77777777777777,2.5,1.4,27.083297729492188
846,12.0,200.0,2.388888888888889,1.4,25.165102005004883
847,12.0,155.55555555555554,1.5,1.4,16.040050506591797
848,12.0,88.88888888888889,1.5,0.7,15.401411056518555
849,6.0,177.77777777777777,1.5,1.3222222222222222,19.790952682495117
850,7.0,200.0,1.6111111111111112,1.3222222222222222,27.10178565979004
851,8.0,44.44444444444444,1.7222222222222223,0.7,7.503612518310547
852,8.0,66.66666666666666,1.5,1.4,9.993653297424316
853,8.0,111.11111111111111,1.8333333333333333,0.8555555555555555,16.026973724365234
854,8.0,111.11111111111111,1.9444444444444444,1.011111111111111,11.030831336975098
855,9.0,44.44444444444444,1.9444444444444444,0.7,7.626404285430908
856,9.0,133.33333333333331,2.388888888888889,0.9333333333333333,18.77231216430664
857,9.0,155.55555555555554,2.2777777777777777,1.4,20.94145965576172
858,10.0,66.66666666666666,2.388888888888889,1.1666666666666665,8.923099517822266
859,12.0,133.33333333333331,1.8333333333333333,0.7,15.379134178161621
860,12.0,200.0,2.5,0.7,23.502382278442383
861,6.0,200.0,2.5,0.7,20.201114654541016
862,10.0,177.77777777777777,1.5,1.4,20.31777000427246
863,6.0,0.0,1.5,0.7,1.252167820930481
864,6.0,88.88888888888889,1.5,0.7,13.715096473693848
865,12.0,200.0,1.5,1.4,35.04880142211914
866,12.0,22.22222222222222,2.5,1.4,4.710689544677734
867,12.0,200.0,1.6111111111111112,1.4,29.065092086791992
868,6.0,177.77777777777777,2.5,0.7,24.23771858215332
869,12.0,200.0,1.5,0.7,26.007389068603516
870,6.0,155.55555555555554,1.5,0.7,17.226388931274414
871,12.0,200.0,2.5,1.4,21.60816764831543
872,12.0,88.88888888888889,2.5,1.4,11.701470375061035
873,12.0,177.77777777777777,2.5,0.7,27.473690032958984
874,12.0,155.55555555555554,1.5,0.7,24.353260040283203
875,6.0,133.33333333333331,1.5,1.4,17.65802764892578
876,6.0,200.0,1.5,1.4,22.132225036621094
877,12.0,155.55555555555554,2.5,0.7,12.812422752380371
878,12.0,177.77777777777777,2.5,1.4,20.51694107055664
879,6.0,177.77777777777777,1.5,0.7,24.119787216186523
880,12.0,200.0,1.5,1.3222222222222222,30.365739822387695
881,6.0,22.22222222222222,1.5,0.7,4.184800148010254
882,12.0,177.77777777777777,1.5,0.7,23.724138259887695
883,12.0,200.0,1.5,0.7777777777777777,27.049686431884766
884,12.0,155.55555555555554,1.5,1.4,16.040050506591797
885,6.0,177.77777777777777,2.5,1.4,27.083297729492188
886,12.0,111.11111111111111,2.5,1.4,14.919224739074707
887,12.0,0.0,2.5,1.4,1.8955457210540771
888,11.0,200.0,1.5,1.4,22.355438232421875
889,6.0,177.77777777777777,1.5,1.4,25.407594680786133
890,6.0,177.77777777777777,2.5,0.7777777777777777,18.98175621032715
891,6.0,200.0,1.5,0.7,19.81606674194336
892,6.0,155.55555555555554,2.5,1.4,19.137481689453125
893,12.0,200.0,2.5,1.3222222222222222,30.74593162536621
894,6.0,133.33333333333331,2.5,0.7,14.313048362731934
895,12.0,200.0,2.388888888888889,1.4,25.165102005004883
896,12.0,177.77777777777777,1.5,1.4,18.710227966308594
897,12.0,200.0,1.6111111111111112,0.7,24.356670379638672
898,12.0,133.33333333333331,2.5,1.4,22.242326736450195
899,6.0,200.0,2.5,1.4,36.11544418334961
900,6.0,0.0,1.7222222222222223,1.011111111111111,1.0467923879623413
901,6.0,0.0,2.5,1.2444444444444445,1.0736610889434814
902,7.0,133.33333333333331,2.388888888888889,1.0888888888888888,15.640350341796875
903,8.0,133.33333333333331,1.8333333333333333,1.1666666666666665,19.526508331298828
904,9.0,22.22222222222222,1.7222222222222223,0.7777777777777777,4.168973445892334
905,9.0,66.66666666666666,1.5,0.9333333333333333,6.213374137878418
906,10.0,22.22222222222222,1.8333333333333333,1.2444444444444445,4.061013698577881
907,11.0,88.88888888888889,2.1666666666666665,1.0888888888888888,11.855972290039062
908,12.0,133.33333333333331,1.9444444444444444,0.7,20.75049591064453
909,12.0,177.77777777777777,2.0555555555555554,0.9333333333333333,24.27223777770996
910,6.0,177.77777777777777,1.5,1.4,25.407594680786133
911,7.0,177.77777777777777,2.5,0.7,25.28464126586914
912,12.0,155.55555555555554,1.5,1.4,16.040050506591797
913,8.0,200.0,1.7222222222222223,1.2444444444444445,22.6031551361084
914,12.0,111.11111111111111,1.5,1.4,14.437835693359375
915,6.0,44.44444444444444,2.5,1.4,4.699031829833984
916,9.0,177.77777777777777,1.5,1.4,21.888010025024414
917,12.0,200.0,2.5,0.7,23.502382278442383
918,6.0,177.77777777777777,2.5,0.7,24.23771858215332
919,6.0,177.77777777777777,2.5,1.4,27.083297729492188
920,6.0,155.55555555555554,2.5,0.7,16.752256393432617
921,6.0,200.0,2.5,0.7,20.201114654541016
922,12.0,200.0,1.5,1.4,35.04880142211914
923,12.0,200.0,1.5,1.3222222222222222,30.365739822387695
924,6.0,111.11111111111111,2.5,0.7,17.803661346435547
925,12.0,200.0,1.5,0.7,26.007389068603516
926,12.0,200.0,2.5,1.4,21.60816764831543
927,6.0,88.88888888888889,1.5,0.7,13.715096473693848
928,12.0,177.77777777777777,2.5,1.4,20.51694107055664
929,12.0,44.44444444444444,1.5,0.7,4.899592399597168
930,6.0,200.0,1.5,1.4,22.132225036621094
931,12.0,200.0,1.5,0.7777777777777777,27.049686431884766
932,6.0,177.77777777777777,1.5,0.7,24.119787216186523
933,6.0,111.11111111111111,1.5,1.4,14.617480278015137
934,6.0,155.55555555555554,1.5,1.4,14.883927345275879
935,12.0,133.33333333333331,2.5,1.4,22.242326736450195
936,12.0,0.0,1.5,0.7,1.889445185661316
937,12.0,155.55555555555554,2.5,0.7,12.812422752380371
938,12.0,133.33333333333331,1.5,1.4,20.038936614990234
939,12.0,200.0,1.5,1.2444444444444445,29.04913330078125
940,12.0,111.11111111111111,2.5,0.7,17.975706100463867
941,12.0,177.77777777777777,1.5,0.7,23.724138259887695
942,6.0,66.66666666666666,2.5,1.4,9.963194847106934
943,12.0,66.66666666666666,2.5,1.4,11.802032470703125
944,6.0,88.88888888888889,2.5,1.4,14.07964038848877
945,12.0,200.0,1.6111111111111112,1.4,29.065092086791992
946,10.0,200.0,1.5,0.7,19.337772369384766
947,12.0,200.0,2.388888888888889,1.4,25.165102005004883
948,6.0,133.33333333333331,1.5,0.7,20.63754653930664
949,12.0,177.77777777777777,2.5,0.7,27.473690032958984
950,6.0,0.0,1.5,0.8555555555555555,0.9427500367164612
951,6.0,155.55555555555554,1.7222222222222223,0.9333333333333333,18.1516056060791
952,6.0,200.0,1.8333333333333333,0.9333333333333333,28.605573654174805
953,8.0,44.44444444444444,1.7222222222222223,0.7777777777777777,7.853986740112305
954,8.0,111.11111111111111,2.388888888888889,0.8555555555555555,18.044157028198242
955,8.0,133.33333333333331,2.1666666666666665,1.2444444444444445,13.257293701171875
956,11.0,44.44444444444444,2.0555555555555554,0.9333333333333333,6.638057231903076
957,11.0,133.33333333333331,1.6111111111111112,0.7,19.014528274536133
958,12.0,0.0,1.5,0.7,1.889445185661316
959,12.0,22.22222222222222,1.7222222222222223,1.0888888888888888,5.054448127746582
960,12.0,200.0,2.5,1.4,21.60816764831543
961,6.0,200.0,2.5,0.7,20.201114654541016
962,6.0,177.77777777777777,1.5,1.4,25.407594680786133
963,12.0,177.77777777777777,2.5,0.7,27.473690032958984
964,12.0,177.77777777777777,1.5,1.4,18.710227966308594
965,6.0,177.77777777777777,2.5,0.7,24.23771858215332
966,8.0,88.88888888888889,2.388888888888889,0.9333333333333333,12.812503814697266
967,6.0,66.66666666666666,1.5,1.4,7.812963485717773
968,6.0,200.0,1.5,1.4,22.132225036621094
969,12.0,155.55555555555554,2.5,1.4,19.26740074157715
970,6.0,177.77777777777777,2.5,1.4,27.083297729492188
971,6.0,177.77777777777777,2.5,0.7777777777777777,18.98175621032715
972,12.0,200.0,1.5,0.7,26.007389068603516
973,12.0,200.0,1.5,0.7777777777777777,27.049686431884766
974,12.0,200.0,1.5,1.4,35.04880142211914
975,12.0,111.11111111111111,1.5,1.4,14.437835693359375
976,12.0,66.66666666666666,2.5,0.7,8.521974563598633
977,12.0,200.0,1.5,1.3222222222222222,30.365739822387695
978,12.0,155.55555555555554,1.5,0.7,24.353260040283203
979,12.0,88.88888888888889,1.5,1.4,10.765218734741211
980,12.0,177.77777777777777,2.5,1.4,20.51694107055664
981,12.0,200.0,2.5,0.7,23.502382278442383
982,6.0,111.11111111111111,1.5,1.4,14.617480278015137
983,10.0,200.0,1.5,1.4,28.79196548461914
984,6.0,22.22222222222222,2.5,0.7,4.40881872177124
985,12.0,200.0,1.5,1.2444444444444445,29.04913330078125
986,6.0,177.77777777777777,1.5,0.7,24.119787216186523
987,9.0,200.0,1.5,0.7,25.830215454101562
988,6.0,155.55555555555554,2.5,0.7,16.752256393432617
989,12.0,133.33333333333331,2.5,1.4,22.242326736450195
990,12.0,155.55555555555554,1.5,1.4,16.040050506591797
991,6.0,200.0,1.5,1.3222222222222222,27.379236221313477
992,12.0,200.0,1.6111111111111112,1.4,29.065092086791992
993,12.0,177.77777777777777,1.5,0.7,23.724138259887695
994,9.0,200.0,1.5,1.4,20.65654182434082
995,6.0,133.33333333333331,1.5,0.7,20.63754653930664
996,12.0,200.0,2.5,1.3222222222222222,30.74593162536621
997,12.0,200.0,2.388888888888889,1.4,25.165102005004883
998,6.0,88.88888888888889,1.5,1.4,14.696054458618164
999,12.0,200.0,1.6111111111111112,0.7,24.356670379638672
1000,6.0,0.0,2.5,1.2444444444444445,1.0736610889434814
1001,6.0,22.22222222222222,2.388888888888889,1.4,2.956535816192627
1002,7.0,88.88888888888889,1.8333333333333333,1.0888888888888888,12.602581024169922
1003,8.0,44.44444444444444,1.6111111111111112,0.7,6.654714584350586
1004,8.0,88.88888888888889,2.388888888888889,1.3222222222222222,13.833597183227539
1005,8.0,200.0,1.5,0.7,25.391530990600586
1006,9.0,0.0,1.5,1.2444444444444445,1.1158047914505005
1007,9.0,22.22222222222222,2.5,1.3222222222222222,3.864880323410034
1008,12.0,0.0,2.2777777777777777,1.3222222222222222,1.9996049404144287
1009,12.0,88.88888888888889,1.5,0.7777777777777777,12.240276336669922
1010,12.0,200.0,2.5,1.4,21.60816764831543
1011,6.0,200.0,2.5,1.4,36.11544418334961
1012,6.0,177.77777777777777,2.5,1.4,27.083297729492188
1013,6.0,155.55555555555554,2.5,1.4,19.137481689453125
1014,6.0,133.33333333333331,2.5,1.4,15.44407844543457
1015,6.0,111.11111111111111,2.5,1.4,16.867366790771484
1016,12.0,177.77777777777777,1.5,0.7,23.724138259887695
1017,12.0,66.66666666666666,2.5,1.4,11.802032470703125
1018,6.0,200.0,2.388888888888889,1.4,31.407711029052734
1019,12.0,155.55555555555554,1.5,0.7,24.353260040283203
1020,6.0,200.0,2.5,0.7,20.201114654541016
1021,6.0,200.0,1.5,1.4,22.132225036621094
1022,6.0,177.77777777777777,1.5,0.7,24.119787216186523
1023,12.0,111.11111111111111,1.5,0.7,15.89547348022461
1024,12.0,133.33333333333331,1.5,0.7,22.110380172729492
1025,12.0,177.77777777777777,2.5,1.4,20.51694107055664
1026,6.0,66.66666666666666,1.5,0.7,9.814324378967285
1027,12.0,155.55555555555554,2.5,1.4,19.26740074157715
1028,6.0,177.77777777777777,1.5,1.4,25.407594680786133
1029,6.0,155.55555555555554,1.5,0.7,17.226388931274414
1030,12.0,200.0,1.5,1.4,35.04880142211914
1031,12.0,200.0,1.5,0.7,26.007389068603516
1032,12.0,200.0,2.388888888888889,1.4,25.165102005004883
1033,12.0,133.33333333333331,2.5,1.4,22.242326736450195
1034,6.0,177.77777777777777,2.5,0.7,24.23771858215332
1035,6.0,200.0,1.6111111111111112,1.4,25.457746505737305
1036,12.0,200.0,2.5,0.7,23.502382278442383
1037,12.0,177.77777777777777,1.5,1.4,18.710227966308594
1038,6.0,133.33333333333331,1.5,0.7,20.63754653930664
1039,12.0,200.0,1.6111111111111112,1.4,29.065092086791992
1040,9.0,200.0,1.5,1.4,20.65654182434082
1041,12.0,44.44444444444444,2.5,1.4,8.329623222351074
1042,6.0,111.11111111111111,1.5,0.7,12.27811336517334
1043,12.0,133.33333333333331,1.5,1.4,20.038936614990234
1044,12.0,111.11111111111111,2.5,1.4,14.919224739074707
1045,6.0,200.0,2.5,0.7777777777777777,26.531206130981445
1046,12.0,155.55555555555554,1.5,1.4,16.040050506591797
1047,6.0,177.77777777777777,2.5,0.7777777777777777,18.98175621032715
1048,6.0,200.0,1.5,0.7,19.81606674194336
1049,12.0,200.0,2.5,1.3222222222222222,30.74593162536621
1050,6.0,22.22222222222222,1.5,1.3222222222222222,3.2490394115448
1051,7.0,155.55555555555554,1.6111111111111112,0.7,26.23956298828125
1052,8.0,66.66666666666666,1.6111111111111112,1.3222222222222222,6.20358419418335
1053,9.0,66.66666666666666,1.7222222222222223,1.011111111111111,8.94631290435791
1054,9.0,155.55555555555554,2.2777777777777777,1.1666666666666665,16.78636360168457
1055,9.0,177.77777777777777,2.5,0.8555555555555555,30.184370040893555
1056,10.0,177.77777777777777,1.5,0.7777777777777777,24.84699249267578
1057,11.0,133.33333333333331,1.9444444444444444,1.2444444444444445,17.915803909301758
1058,12.0,88.88888888888889,2.5,0.7,12.75825023651123
1059,12.0,111.11111111111111,1.5,0.7777777777777777,20.545072555541992
1060,6.0,177.77777777777777,2.5,1.4,27.083297729492188
1061,8.0,200.0,2.5,0.8555555555555555,29.260963439941406
1062,12.0,200.0,1.5,1.4,35.04880142211914
1063,12.0,200.0,2.5,0.7,23.502382278442383
1064,6.0,200.0,1.5,1.4,22.132225036621094
1065,12.0,0.0,2.5,0.7,2.3493854999542236
1066,12.0,44.44444444444444,2.5,0.7,6.114800453186035
1067,6.0,111.11111111111111,2.5,1.4,16.867366790771484
1068,12.0,177.77777777777777,2.5,1.4,20.51694107055664
1069,12.0,200.0,1.5,1.3222222222222222,30.365739822387695
1070,6.0,177.77777777777777,1.5,0.7,24.119787216186523
1071,6.0,133.33333333333331,2.5,0.7,14.313048362731934
1072,6.0,88.88888888888889,1.5,1.4,14.696054458618164
1073,12.0,200.0,1.5,0.7,26.007389068603516
1074,12.0,200.0,2.5,1.4,21.60816764831543
1075,12.0,155.55555555555554,1.5,0.7,24.353260040283203
1076,6.0,177.77777777777777,2.5,0.7,24.23771858215332
1077,6.0,200.0,1.5,0.7,19.81606674194336
1078,6.0,155.55555555555554,1.5,1.4,14.883927345275879
1079,6.0,44.44444444444444,1.5,1.4,5.410153388977051
1080,12.0,177.77777777777777,1.5,0.7,23.724138259887695
1081,6.0,177.77777777777777,1.5,1.4,25.407594680786133
1082,12.0,200.0,1.6111111111111112,1.4,29.065092086791992
1083,12.0,111.11111111111111,2.5,1.4,14.919224739074707
1084,12.0,155.55555555555554,2.5,0.7,12.812422752380371
1085,6.0,200.0,2.5,1.4,36.11544418334961
1086,6.0,200.0,2.5,1.3222222222222222,22.593547821044922
1087,6.0,0.0,1.5,1.4,1.3560692071914673
1088,12.0,22.22222222222222,2.5,0.7,3.6749017238616943
1089,12.0,200.0,2.5,1.3222222222222222,30.74593162536621
1090,10.0,200.0,1.5,1.4,28.79196548461914
1091,6.0,111.11111111111111,1.5,0.7,12.27811336517334
1092,12.0,133.33333333333331,1.5,0.7,22.110380172729492
1093,9.0,200.0,2.5,1.4,26.41598129272461
1094,12.0,177.77777777777777,1.5,1.4,18.710227966308594
1095,12.0,200.0,1.5,0.7777777777777777,27.049686431884766
1096,6.0,177.77777777777777,2.5,0.7777777777777777,18.98175621032715
1097,6.0,200.0,2.5,0.7,20.201114654541016
1098,12.0,200.0,2.388888888888889,1.4,25.165102005004883
1099,6.0,133.33333333333331,1.5,1.4,17.65802764892578
1100,6.0,0.0,2.1666666666666665,1.3222222222222222,1.2166755199432373
1101,6.0,155.55555555555554,1.5,1.4,14.883927345275879
1102,6.0,155.55555555555554,2.0555555555555554,1.4,26.000642776489258
1103,7.0,0.0,2.0555555555555554,1.3222222222222222,1.5299955606460571
1104,7.0,88.88888888888889,1.7222222222222223,1.4,13.102119445800781
1105,8.0,200.0,1.5,1.2444444444444445,34.57609558105469
1106,11.0,133.33333333333331,1.6111111111111112,0.7777777777777777,14.668173789978027
1107,11.0,177.77777777777777,1.7222222222222223,0.9333333333333333,17.141279220581055
1108,11.0,177.77777777777777,2.0555555555555554,1.011111111111111,24.9038143157959
1109,12.0,22.22222222222222,2.0555555555555554,0.8555555555555555,4.271133899688721
1110,12.0,200.0,2.5,0.7,23.502382278442383
1111,6.0,200.0,2.5,0.7,20.201114654541016
1112,12.0,111.11111111111111,2.5,0.7,17.975706100463867
1113,12.0,66.66666666666666,2.5,0.7,8.521974563598633
1114,12.0,155.55555555555554,2.5,0.7,12.812422752380371
1115,6.0,44.44444444444444,1.5,1.4,5.410153388977051
1116,10.0,200.0,1.5,1.4,28.79196548461914
1117,6.0,177.77777777777777,2.5,1.4,27.083297729492188
1118,6.0,200.0,1.5,1.4,22.132225036621094
1119,6.0,111.11111111111111,1.5,1.4,14.617480278015137
1120,12.0,200.0,1.5,1.4,35.04880142211914
1121,12.0,200.0,1.5,0.7,26.007389068603516
1122,6.0,177.77777777777777,1.5,0.7,24.119787216186523
1123,12.0,200.0,1.6111111111111112,1.4,29.065092086791992
1124,6.0,133.33333333333331,2.5,1.4,15.44407844543457
1125,12.0,200.0,2.5,1.4,21.60816764831543
1126,12.0,88.88888888888889,2.5,0.7,12.75825023651123
1127,6.0,66.66666666666666,1.5,1.4,7.812963485717773
1128,6.0,177.77777777777777,2.5,0.7,24.23771858215332
1129,12.0,200.0,1.5,0.7777777777777777,27.049686431884766
1130,12.0,44.44444444444444,2.5,0.7,6.114800453186035
1131,9.0,200.0,1.5,0.7,25.830215454101562
1132,6.0,177.77777777777777,1.5,1.4,25.407594680786133
1133,12.0,200.0,1.5,1.3222222222222222,30.365739822387695
1134,12.0,177.77777777777777,2.5,1.4,20.51694107055664
1135,6.0,22.22222222222222,1.5,1.4,4.741248607635498
1136,6.0,200.0,1.5,1.3222222222222222,27.379236221313477
1137,12.0,111.11111111111111,1.5,1.4,14.437835693359375
1138,6.0,155.55555555555554,2.5,0.7,16.752256393432617
1139,11.0,200.0,1.5,1.4,22.355438232421875
1140,6.0,200.0,1.5,0.7,19.81606674194336
1141,6.0,177.77777777777777,2.5,1.3222222222222222,21.803726196289062
1142,6.0,111.11111111111111,2.5,0.7,17.803661346435547
1143,12.0,133.33333333333331,2.5,1.4,22.242326736450195
1144,9.0,200.0,2.5,1.4,26.41598129272461
1145,12.0,200.0,2.5,1.3222222222222222,30.74593162536621
1146,12.0,200.0,2.388888888888889,1.4,25.165102005004883
1147,6.0,133.33333333333331,1.5,0.7,20.63754653930664
1148,12.0,200.0,1.6111111111111112,0.7,24.356670379638672
1149,6.0,200.0,2.5,1.4,36.11544418334961
1150,7.0,155.55555555555554,2.0555555555555554,1.2444444444444445,21.45271873474121
1151,10.0,177.77777777777777,2.2777777777777777,0.7777777777777777,23.535120010375977
1152,11.0,0.0,1.9444444444444444,1.1666666666666665,2.102693796157837
1153,11.0,177.77777777777777,1.7222222222222223,0.8555555555555555,20.952543258666992
1154,11.0,200.0,2.2777777777777777,1.3222222222222222,21.02760124206543
1155,12.0,0.0,2.1666666666666665,1.4,2.2020750045776367
1156,12.0,0.0,2.388888888888889,1.2444444444444445,2.319200277328491
1157,12.0,66.66666666666666,2.388888888888889,1.011111111111111,10.393012046813965
1158,12.0,88.88888888888889,1.9444444444444444,1.1666666666666665,10.674356460571289
1159,12.0,133.33333333333331,1.9444444444444444,0.9333333333333333,18.95146369934082
1160,6.0,177.77777777777777,2.5,0.7,24.23771858215332
1161,6.0,111.11111111111111,2.5,0.7,17.803661346435547
1162,6.0,44.44444444444444,1.5,1.4,5.410153388977051
1163,6.0,22.22222222222222,2.5,0.7,4.40881872177124
1164,12.0,155.55555555555554,2.5,0.7,12.812422752380371
1165,6.0,200.0,1.5,0.7,19.81606674194336
1166,7.0,177.77777777777777,2.5,1.4,16.953481674194336
1167,6.0,133.33333333333331,2.5,1.4,15.44407844543457
1168,8.0,177.77777777777777,2.5,0.7,20.884397506713867
1169,12.0,111.11111111111111,1.5,1.4,14.437835693359375
1170,6.0,177.77777777777777,1.5,0.7,24.119787216186523
1171,12.0,200.0,1.5,0.7,26.007389068603516
1172,12.0,200.0,2.5,0.7,23.502382278442383
1173,12.0,200.0,1.6111111111111112,0.7,24.356670379638672
1174,6.0,155.55555555555554,1.5,0.7,17.226388931274414
1175,12.0,200.0,1.5,0.7777777777777777,27.049686431884766
1176,12.0,200.0,1.5,1.4,35.04880142211914
1177,6.0,66.66666666666666,1.5,1.4,7.812963485717773
1178,6.0,88.88888888888889,2.5,0.7,16.25202178955078
1179,12.0,200.0,1.6111111111111112,1.4,29.065092086791992
1180,12.0,44.44444444444444,2.5,0.7,6.114800453186035
1181,12.0,22.22222222222222,1.5,1.4,4.2714338302612305
1182,6.0,200.0,1.5,1.4,22.132225036621094
1183,6.0,133.33333333333331,1.5,0.7,20.63754653930664
1184,12.0,155.55555555555554,1.5,1.4,16.040050506591797
1185,12.0,200.0,1.5,1.3222222222222222,30.365739822387695
1186,6.0,111.11111111111111,1.5,1.4,14.617480278015137
1187,6.0,88.88888888888889,1.5,1.4,14.696054458618164
1188,12.0,177.77777777777777,1.5,1.4,18.710227966308594
1189,12.0,111.11111111111111,2.5,0.7,17.975706100463867
1190,6.0,155.55555555555554,2.5,1.4,19.137481689453125
1191,12.0,133.33333333333331,1.5,1.4,20.038936614990234
1192,11.0,200.0,1.5,1.4,22.355438232421875
1193,12.0,200.0,2.5,1.4,21.60816764831543
1194,6.0,177.77777777777777,1.5,1.4,25.407594680786133
1195,6.0,200.0,2.5,1.4,36.11544418334961
1196,6.0,200.0,2.5,1.3222222222222222,22.593547821044922
1197,6.0,200.0,2.5,0.7,20.201114654541016
1198,12.0,133.33333333333331,2.5,0.7,16.415475845336914
1199,6.0,0.0,1.5,0.7,1.252167820930481
1200,6.0,44.44444444444444,2.1666666666666665,0.7777777777777777,6.648839473724365
1201,6.0,133.33333333333331,1.6111111111111112,1.4,23.620107650756836
1202,6.0,133.33333333333331,2.388888888888889,0.9333333333333333,16.05567741394043
1203,6.0,177.77777777777777,2.5,0.7,24.23771858215332
1204,8.0,66.66666666666666,2.388888888888889,1.1666666666666665,9.254652976989746
1205,9.0,0.0,1.9444444444444444,1.3222222222222222,1.6764476299285889
1206,10.0,155.55555555555554,2.5,1.4,17.598913192749023
1207,10.0,177.77777777777777,2.0555555555555554,0.7,24.125011444091797
1208,11.0,44.44444444444444,2.0555555555555554,0.7,6.386000633239746
1209,12.0,88.88888888888889,2.2777777777777777,1.3222222222222222,11.413268089294434
1210,6.0,177.77777777777777,1.5,1.4,25.407594680786133
1211,7.0,200.0,1.6111111111111112,1.2444444444444445,35.62775802612305
1212,12.0,200.0,2.5,0.7,23.502382278442383
1213,6.0,200.0,2.5,1.4,36.11544418334961
1214,6.0,200.0,1.5,0.7,19.81606674194336
1215,11.0,200.0,1.5,1.4,22.355438232421875
1216,6.0,111.11111111111111,1.5,1.4,14.617480278015137
1217,12.0,22.22222222222222,1.5,0.7,3.3695855140686035
1218,6.0,200.0,2.5,1.3222222222222222,22.593547821044922
1219,12.0,133.33333333333331,1.5,1.4,20.038936614990234
1220,12.0,177.77777777777777,1.5,1.4,18.710227966308594
1221,12.0,111.11111111111111,2.5,0.7,17.975706100463867
1222,6.0,155.55555555555554,1.5,0.7,17.226388931274414
1223,6.0,88.88888888888889,1.5,0.7,13.715096473693848
1224,6.0,200.0,2.5,0.7,20.201114654541016
1225,12.0,200.0,2.5,1.4,21.60816764831543
1226,12.0,155.55555555555554,1.5,0.7,24.353260040283203
1227,12.0,133.33333333333331,2.5,0.7,16.415475845336914
1228,6.0,200.0,1.5,1.4,22.132225036621094
1229,6.0,177.77777777777777,2.5,1.4,27.083297729492188
1230,6.0,177.77777777777777,1.5,0.7,24.119787216186523
1231,12.0,177.77777777777777,2.5,0.7,27.473690032958984
1232,6.0,22.22222222222222,2.5,1.4,3.6557295322418213
1233,12.0,177.77777777777777,2.5,1.4,20.51694107055664
1234,12.0,66.66666666666666,1.5,0.7,11.51928424835205
1235,12.0,155.55555555555554,1.5,1.4,16.040050506591797
1236,12.0,111.11111111111111,1.5,1.4,14.437835693359375
1237,12.0,200.0,1.5,0.7,26.007389068603516
1238,6.0,177.77777777777777,2.388888888888889,1.4,22.9542236328125
1239,6.0,155.55555555555554,2.5,1.4,19.137481689453125
1240,12.0,200.0,1.5,1.4,35.04880142211914
1241,12.0,200.0,1.6111111111111112,1.4,29.065092086791992
1242,12.0,200.0,2.388888888888889,1.4,25.165102005004883
1243,6.0,200.0,1.6111111111111112,1.4,25.457746505737305
1244,6.0,111.11111111111111,2.5,0.7,17.803661346435547
1245,12.0,200.0,1.6111111111111112,0.7,24.356670379638672
1246,12.0,177.77777777777777,1.5,0.7,23.724138259887695
1247,6.0,177.77777777777777,1.6111111111111112,0.7,16.44093894958496
1248,6.0,133.33333333333331,1.5,0.7,20.63754653930664
1249,6.0,200.0,2.388888888888889,1.4,31.407711029052734
1250,6.0,44.44444444444444,2.0555555555555554,1.2444444444444445,6.479783535003662
1251,6.0,111.11111111111111,2.388888888888889,1.4,19.842815399169922
1252,6.0,200.0,1.8333333333333333,0.7,19.58202362060547
1253,7.0,22.22222222222222,1.7222222222222223,1.4,3.7360267639160156
1254,7.0,111.11111111111111,2.2777777777777777,1.0888888888888888,16.218679428100586
1255,7.0,200.0,1.8333333333333333,1.2444444444444445,29.85379981994629
1256,10.0,133.33333333333331,2.2777777777777777,1.0888888888888888,12.601615905761719
1257,10.0,177.77777777777777,1.5,0.8555555555555555,24.18739128112793
1258,11.0,155.55555555555554,1.7222222222222223,0.7,29.023353576660156
1259,11.0,200.0,2.388888888888889,0.9333333333333333,30.644243240356445
1260,6.0,155.55555555555554,2.5,1.4,19.137481689453125
1261,12.0,200.0,1.5,1.4,35.04880142211914
1262,6.0,88.88888888888889,2.5,1.4,14.07964038848877
1263,12.0,66.66666666666666,1.5,0.7,11.51928424835205
1264,12.0,200.0,1.6111111111111112,1.4,29.065092086791992
1265,12.0,0.0,2.5,0.7,2.3493854999542236
1266,6.0,177.77777777777777,2.5,1.4,27.083297729492188
1267,12.0,200.0,2.5,1.4,21.60816764831543
1268,12.0,155.55555555555554,2.5,1.4,19.26740074157715
1269,12.0,177.77777777777777,2.5,1.4,20.51694107055664
1270,12.0,200.0,1.5,0.7,26.007389068603516
1271,6.0,177.77777777777777,1.5,0.7,24.119787216186523
1272,12.0,88.88888888888889,1.5,0.7,15.401411056518555
1273,12.0,111.11111111111111,1.5,0.7,15.89547348022461
1274,6.0,66.66666666666666,2.5,1.4,9.963194847106934
1275,6.0,155.55555555555554,1.5,0.7,17.226388931274414
1276,6.0,200.0,1.5,1.4,22.132225036621094
1277,12.0,200.0,1.5,0.7777777777777777,27.049686431884766
1278,12.0,44.44444444444444,1.5,0.7,4.899592399597168
1279,6.0,177.77777777777777,2.5,0.7,24.23771858215332
1280,6.0,133.33333333333331,1.5,0.7,20.63754653930664
1281,12.0,200.0,2.5,0.7,23.502382278442383
1282,12.0,155.55555555555554,1.5,0.7,24.353260040283203
1283,10.0,200.0,1.5,1.4,28.79196548461914
1284,6.0,177.77777777777777,1.5,1.4,25.407594680786133
1285,6.0,0.0,1.5,1.4,1.3560692071914673
1286,12.0,177.77777777777777,1.5,0.7,23.724138259887695
1287,12.0,200.0,1.5,1.3222222222222222,30.365739822387695
1288,9.0,200.0,2.5,1.4,26.41598129272461
1289,12.0,22.22222222222222,2.5,0.7,3.6749017238616943
1290,11.0,200.0,1.5,1.4,22.355438232421875
1291,12.0,133.33333333333331,1.5,0.7,22.110380172729492
1292,12.0,155.55555555555554,1.5,1.4,16.040050506591797
1293,6.0,200.0,2.5,1.4,36.11544418334961
1294,6.0,200.0,2.5,0.7,20.201114654541016
1295,6.0,133.33333333333331,2.5,1.4,15.44407844543457
1296,6.0,200.0,2.388888888888889,1.4,31.407711029052734
1297,12.0,111.11111111111111,2.5,1.4,14.919224739074707
1298,6.0,200.0,1.6111111111111112,1.4,25.457746505737305
1299,12.0,177.77777777777777,1.5,1.4,18.710227966308594
1300,6.0,22.22222222222222,1.8333333333333333,0.8555555555555555,4.446174621582031
1301,7.0,0.0,1.7222222222222223,0.9333333333333333,1.257244348526001
1302,8.0,0.0,2.388888888888889,1.0888888888888888,1.7879034280776978
1303,9.0,0.0,1.9444444444444444,1.0888888888888888,1.8123409748077393
1304,9.0,22.22222222222222,1.8333333333333333,1.1666666666666665,2.6734468936920166
1305,10.0,22.22222222222222,2.5,1.1666666666666665,4.556657314300537
1306,11.0,44.44444444444444,2.0555555555555554,0.7777777777777777,7.897879123687744
1307,11.0,44.44444444444444,2.5,1.0888888888888888,7.525771141052246
1308,11.0,111.11111111111111,2.5,1.3222222222222222,22.498437881469727
1309,12.0,155.55555555555554,1.5,1.1666666666666665,17.593318939208984
1310,6.0,111.11111111111111,1.5,0.7,12.27811336517334
1311,12.0,111.11111111111111,1.5,1.4,14.437835693359375
1312,12.0,133.33333333333331,2.5,1.4,22.242326736450195
1313,6.0,133.33333333333331,1.5,0.7,20.63754653930664
1314,12.0,133.33333333333331,1.5,0.7,22.110380172729492
1315,12.0,88.88888888888889,2.5,1.4,11.701470375061035
1316,12.0,177.77777777777777,1.5,1.1666666666666665,21.915929794311523
1317,6.0,177.77777777777777,2.5,0.7,24.23771858215332
1318,6.0,177.77777777777777,1.5,1.4,25.407594680786133
1319,6.0,200.0,1.5,1.4,22.132225036621094
1320,12.0,200.0,2.5,0.7,23.502382278442383
1321,6.0,66.66666666666666,1.5,0.7,9.814324378967285
1322,6.0,177.77777777777777,1.5,0.7,24.119787216186523
1323,12.0,200.0,1.5,1.4,35.04880142211914
1324,12.0,200.0,1.5,0.7,26.007389068603516
1325,12.0,200.0,1.6111111111111112,1.4,29.065092086791992
1326,6.0,155.55555555555554,2.5,0.7,16.752256393432617
1327,6.0,88.88888888888889,1.5,0.7,13.715096473693848
1328,12.0,200.0,2.5,1.4,21.60816764831543
1329,12.0,177.77777777777777,2.5,1.4,20.51694107055664
1330,12.0,66.66666666666666,2.5,1.4,11.802032470703125
1331,6.0,133.33333333333331,2.5,1.4,15.44407844543457
1332,12.0,200.0,1.5,1.3222222222222222,30.365739822387695
1333,6.0,155.55555555555554,1.5,1.4,14.883927345275879
1334,6.0,200.0,2.5,0.7,20.201114654541016
1335,12.0,155.55555555555554,2.5,1.4,19.26740074157715
1336,12.0,200.0,1.5,0.7777777777777777,27.049686431884766
1337,6.0,44.44444444444444,1.5,1.4,5.410153388977051
1338,6.0,111.11111111111111,2.5,1.4,16.867366790771484
1339,6.0,177.77777777777777,2.5,1.4,27.083297729492188
1340,10.0,200.0,1.5,1.4,28.79196548461914
1341,12.0,111.11111111111111,2.5,0.7,17.975706100463867
1342,9.0,200.0,1.5,0.7,25.830215454101562
1343,12.0,133.33333333333331,1.5,1.4,20.038936614990234
1344,6.0,88.88888888888889,2.5,1.4,14.07964038848877
1345,12.0,133.33333333333331,2.5,0.7,16.415475845336914
1346,12.0,200.0,1.5,1.2444444444444445,29.04913330078125
1347,9.0,177.77777777777777,2.5,0.7,21.705163955688477
1348,12.0,66.66666666666666,1.5,0.7,11.51928424835205
1349,12.0,88.88888888888889,1.5,0.7,15.401411056518555
1350,6.0,111.11111111111111,1.5,1.4,14.617480278015137
1351,6.0,111.11111111111111,1.7222222222222223,1.1666666666666665,14.237394332885742
1352,6.0,200.0,2.0555555555555554,1.1666666666666665,23.38649559020996
1353,7.0,66.66666666666666,2.388888888888889,1.0888888888888888,9.256243705749512
1354,7.0,88.88888888888889,1.5,0.8555555555555555,9.603830337524414
1355,8.0,88.88888888888889,2.1666666666666665,1.4,9.93422794342041
1356,9.0,66.66666666666666,2.1666666666666665,1.2444444444444445,9.081793785095215
1357,9.0,111.11111111111111,2.2777777777777777,0.8555555555555555,17.50072479248047
1358,10.0,200.0,1.9444444444444444,1.0888888888888888,30.56247901916504
1359,12.0,22.22222222222222,2.388888888888889,1.2444444444444445,4.6219868659973145
1360,12.0,200.0,1.5,0.7,26.007389068603516
1361,10.0,200.0,2.5,1.4,24.261886596679688
1362,11.0,177.77777777777777,1.5,0.7,17.940553665161133
1363,11.0,155.55555555555554,1.5,0.7,13.972223281860352
1364,12.0,133.33333333333331,2.5,0.7,16.415475845336914
1365,6.0,0.0,1.5,0.7,1.252167820930481
1366,6.0,44.44444444444444,1.5,0.7,8.140519142150879
1367,6.0,133.33333333333331,1.5,1.4,17.65802764892578
1368,12.0,200.0,1.5,1.4,35.04880142211914
1369,6.0,177.77777777777777,2.5,1.4,27.083297729492188
1370,12.0,200.0,1.5,1.3222222222222222,30.365739822387695
1371,6.0,177.77777777777777,1.5,0.7,24.119787216186523
1372,12.0,200.0,2.5,1.4,21.60816764831543
1373,9.0,200.0,1.5,1.4,20.65654182434082
1374,6.0,155.55555555555554,2.5,1.4,19.137481689453125
1375,12.0,44.44444444444444,2.5,1.4,8.329623222351074
1376,12.0,111.11111111111111,1.5,1.4,14.437835693359375
1377,12.0,177.77777777777777,2.5,1.4,20.51694107055664
1378,6.0,200.0,1.5,0.7,19.81606674194336
1379,6.0,177.77777777777777,2.5,0.7,24.23771858215332
1380,12.0,200.0,2.5,0.7,23.502382278442383
1381,6.0,22.22222222222222,1.5,0.7,4.184800148010254
1382,12.0,200.0,1.5,0.7777777777777777,27.049686431884766
1383,6.0,177.77777777777777,1.5,1.4,25.407594680786133
1384,12.0,0.0,2.5,1.4,1.8955457210540771
1385,6.0,133.33333333333331,2.5,0.7,14.313048362731934
1386,12.0,88.88888888888889,2.5,0.7,12.75825023651123
1387,6.0,155.55555555555554,1.5,0.7,17.226388931274414
1388,12.0,133.33333333333331,1.5,1.4,20.038936614990234
1389,12.0,155.55555555555554,2.5,1.4,19.26740074157715
1390,12.0,200.0,1.5,1.2444444444444445,29.04913330078125
1391,6.0,177.77777777777777,2.5,1.3222222222222222,21.803726196289062
1392,12.0,66.66666666666666,1.5,0.7,11.51928424835205
1393,12.0,200.0,1.5,0.8555555555555555,21.297582626342773
1394,6.0,200.0,2.5,1.4,36.11544418334961
1395,6.0,200.0,2.5,1.3222222222222222,22.593547821044922
1396,6.0,200.0,1.5,1.4,22.132225036621094
1397,12.0,177.77777777777777,1.5,1.4,18.710227966308594
1398,6.0,200.0,2.5,0.7,20.201114654541016
1399,12.0,200.0,2.388888888888889,1.4,25.165102005004883
1400,6.0,88.88888888888889,1.8333333333333333,0.9333333333333333,12.126749038696289
1401,7.0,66.66666666666666,2.1666666666666665,1.0888888888888888,8.224644660949707
1402,10.0,22.22222222222222,1.8333333333333333,1.1666666666666665,4.142929553985596
1403,10.0,88.88888888888889,1.8333333333333333,0.8555555555555555,11.786309242248535
1404,11.0,22.22222222222222,1.9444444444444444,1.011111111111111,3.6258347034454346
1405,11.0,111.11111111111111,2.1666666666666665,1.011111111111111,16.136205673217773
1406,11.0,111.11111111111111,2.1666666666666665,1.3222222222222222,20.000761032104492
1407,11.0,177.77777777777777,2.2777777777777777,0.7777777777777777,18.335952758789062
1408,12.0,44.44444444444444,1.9444444444444444,0.7777777777777777,6.46464729309082
1409,12.0,200.0,2.1666666666666665,1.1666666666666665,25.765527725219727
1410,6.0,200.0,1.5,0.7,19.81606674194336
1411,12.0,200.0,1.5,0.7,26.007389068603516
1412,11.0,155.55555555555554,2.2777777777777777,0.7777777777777777,23.776046752929688
1413,6.0,155.55555555555554,1.5,1.4,14.883927345275879
1414,12.0,133.33333333333331,2.5,1.4,22.242326736450195
1415,6.0,133.33333333333331,1.5,0.7,20.63754653930664
1416,6.0,0.0,2.5,1.4,1.1972664594650269
1417,12.0,200.0,2.5,0.7,23.502382278442383
1418,12.0,200.0,1.5,1.4,35.04880142211914
1419,6.0,177.77777777777777,1.5,1.4,25.407594680786133
1420,6.0,111.11111111111111,1.5,1.4,14.617480278015137
1421,11.0,200.0,1.5,1.4,22.355438232421875
1422,6.0,177.77777777777777,2.5,0.7,24.23771858215332
1423,12.0,155.55555555555554,1.5,1.4,16.040050506591797
1424,12.0,133.33333333333331,1.5,0.7,22.110380172729492
1425,6.0,44.44444444444444,2.5,1.4,4.699031829833984
1426,6.0,133.33333333333331,2.5,1.4,15.44407844543457
1427,6.0,200.0,2.5,1.4,36.11544418334961
1428,6.0,200.0,2.388888888888889,1.4,31.407711029052734
1429,7.0,200.0,2.5,1.4,32.16946792602539
1430,6.0,200.0,1.5,1.4,22.132225036621094
1431,6.0,200.0,2.5,0.7,20.201114654541016
1432,12.0,200.0,2.5,1.4,21.60816764831543
1433,12.0,177.77777777777777,1.5,1.4,18.710227966308594
1434,6.0,177.77777777777777,2.5,1.4,27.083297729492188
1435,6.0,177.77777777777777,1.5,0.7,24.119787216186523
1436,6.0,155.55555555555554,2.5,0.7,16.752256393432617
1437,12.0,66.66666666666666,1.5,0.7,11.51928424835205
1438,12.0,0.0,1.5,0.7,1.889445185661316
1439,8.0,200.0,2.5,1.4,21.901758193969727
1440,12.0,133.33333333333331,2.5,0.7,16.415475845336914
1441,6.0,177.77777777777777,2.388888888888889,1.4,22.9542236328125
1442,6.0,111.11111111111111,2.5,0.7,17.803661346435547
1443,6.0,200.0,1.6111111111111112,1.4,25.457746505737305
1444,12.0,88.88888888888889,2.5,1.4,11.701470375061035
1445,12.0,155.55555555555554,2.5,0.7,12.812422752380371
1446,12.0,177.77777777777777,2.5,1.4,20.51694107055664
1447,12.0,200.0,2.388888888888889,1.4,25.165102005004883
1448,12.0,111.11111111111111,1.5,0.7,15.89547348022461
1449,6.0,177.77777777777777,1.6111111111111112,0.7,16.44093894958496
1450,6.0,88.88888888888889,1.8333333333333333,1.011111111111111,12.710250854492188
1451,7.0,133.33333333333331,1.7222222222222223,0.7,18.425676345825195
1452,7.0,200.0,2.1666666666666665,1.2444444444444445,31.877344131469727
1453,8.0,177.77777777777777,2.388888888888889,0.9333333333333333,24.268789291381836
1454,9.0,200.0,2.5,1.1666666666666665,30.299415588378906
1455,10.0,22.22222222222222,1.9444444444444444,0.7,4.688081741333008
1456,10.0,155.55555555555554,2.2777777777777777,0.8555555555555555,19.151546478271484
1457,10.0,155.55555555555554,2.388888888888889,1.2444444444444445,21.045101165771484
1458,11.0,66.66666666666666,1.6111111111111112,1.4,10.193868637084961
1459,11.0,88.88888888888889,1.5,1.4,12.717942237854004
1460,6.0,200.0,1.5,0.7,19.81606674194336
1461,6.0,200.0,2.5,1.4,36.11544418334961
1462,6.0,111.11111111111111,2.5,0.7,17.803661346435547
1463,6.0,200.0,2.5,0.7,20.201114654541016
1464,6.0,0.0,2.5,1.4,1.1972664594650269
1465,6.0,44.44444444444444,2.5,1.4,4.699031829833984
1466,12.0,200.0,1.5,1.4,35.04880142211914
1467,8.0,200.0,1.5,1.4,26.62603759765625
1468,12.0,200.0,2.5,1.4,21.60816764831543
1469,12.0,177.77777777777777,1.5,1.4,18.710227966308594
1470,12.0,111.11111111111111,1.5,1.4,14.437835693359375
1471,12.0,133.33333333333331,2.5,1.4,22.242326736450195
1472,6.0,200.0,1.5,1.4,22.132225036621094
1473,12.0,200.0,1.5,0.7,26.007389068603516
1474,6.0,177.77777777777777,1.5,0.7,24.119787216186523
1475,6.0,155.55555555555554,1.5,1.4,14.883927345275879
1476,12.0,200.0,2.388888888888889,1.4,25.165102005004883
1477,6.0,177.77777777777777,2.5,1.4,27.083297729492188
1478,6.0,66.66666666666666,2.5,0.7,9.22893238067627
1479,12.0,133.33333333333331,1.5,0.7,22.110380172729492
1480,12.0,44.44444444444444,1.5,0.7,4.899592399597168
1481,12.0,177.77777777777777,2.5,0.7,27.473690032958984
1482,6.0,133.33333333333331,2.5,1.4,15.44407844543457
1483,12.0,200.0,2.5,0.7,23.502382278442383
1484,6.0,177.77777777777777,2.5,0.7,24.23771858215332
1485,12.0,155.55555555555554,1.5,0.7,24.353260040283203
1486,12.0,0.0,1.5,0.7,1.889445185661316
1487,6.0,177.77777777777777,1.5,1.4,25.407594680786133
1488,12.0,177.77777777777777,2.5,1.4,20.51694107055664
1489,12.0,200.0,1.6111111111111112,1.4,29.065092086791992
1490,6.0,200.0,2.388888888888889,1.4,31.407711029052734
1491,8.0,200.0,2.5,1.4,21.901758193969727
1492,12.0,155.55555555555554,1.5,1.4,16.040050506591797
1493,6.0,111.11111111111111,1.5,1.4,14.617480278015137
1494,12.0,177.77777777777777,1.5,0.7,23.724138259887695
1495,6.0,155.55555555555554,2.5,0.7,16.752256393432617
1496,12.0,111.11111111111111,2.5,0.7,17.975706100463867
1497,12.0,133.33333333333331,2.5,0.7,16.415475845336914
1498,12.0,200.0,1.5,1.3222222222222222,30.365739822387695
1499,12.0,88.88888888888889,2.5,0.7,12.75825023651123
